-- TEAMS
INSERT INTO Teams (teamCode, location, name, salaryCapHit, skaterCount, goaltenderCount, conference, division, playoffStatus) VALUES ('VAN', 'Vancouver', 'Canucks', 73256441, 21, 3, 'Western', 'Pacific', 'E');
INSERT INTO Teams (teamCode, location, name, salaryCapHit, skaterCount, goaltenderCount, conference, division, playoffStatus) VALUES ('CGY', 'Calgary', 'Flames', 71398012, 18, 2, 'Western', 'Pacific', 'E');
INSERT INTO Teams (teamCode, location, name, salaryCapHit, skaterCount, goaltenderCount, conference, division, playoffStatus) VALUES ('EDM', 'Edmonton', 'Oilers', 78649544, 21, 2, 'Western', 'Pacific', 'E');
INSERT INTO Teams (teamCode, location, name, salaryCapHit, skaterCount, goaltenderCount, conference, division, playoffStatus) VALUES ('SEA', 'Seattle', 'Kraken', 72663684, 20, 2, 'Western', 'Pacific', 'E');
INSERT INTO Teams (teamCode, location, name, salaryCapHit, skaterCount, goaltenderCount, conference, division, playoffStatus) VALUES ('SJS', 'San Jose', 'Sharks', 80523978, 20, 2, 'Western', 'Pacific', 'E');
INSERT INTO Teams (teamCode, location, name, salaryCapHit, skaterCount, goaltenderCount, conference, division, playoffStatus) VALUES ('LAK', 'Los Angeles', 'Kings', 81067667, 20, 2, 'Western', 'Pacific', 'E');
INSERT INTO Teams (teamCode, location, name, salaryCapHit, skaterCount, goaltenderCount, conference, division, playoffStatus) VALUES ('ANA', 'Anaheim', 'Ducks', 72588747, 19, 2, 'Western', 'Pacific', 'E');
INSERT INTO Teams (teamCode, location, name, salaryCapHit, skaterCount, goaltenderCount, conference, division, playoffStatus) VALUES ('VGK', 'Las Vegas', 'Golden Knights', 75513384, 18, 3, 'Western', 'Pacific', 'E');

INSERT INTO Teams (teamCode, location, name, salaryCapHit, skaterCount, goaltenderCount, conference, division, playoffStatus) VALUES ('WPG', 'Winnipeg', 'Jets', 82508896, 21, 2, 'Western', 'Central', 'E');
INSERT INTO Teams (teamCode, location, name, salaryCapHit, skaterCount, goaltenderCount, conference, division, playoffStatus) VALUES ('CHI', 'Chicago', 'Blackhawks', 72349582, 18, 3, 'Western', 'Central', 'E');
INSERT INTO Teams (teamCode, location, name, salaryCapHit, skaterCount, goaltenderCount, conference, division, playoffStatus) VALUES ('MIN', 'Minnesota', 'Wild', 75517082, 19, 2, 'Western', 'Central', 'E');
INSERT INTO Teams (teamCode, location, name, salaryCapHit, skaterCount, goaltenderCount, conference, division, playoffStatus) VALUES ('NSH', 'Nashville', 'Predators', 72788943, 20, 3, 'Western', 'Central', 'E');
INSERT INTO Teams (teamCode, location, name, salaryCapHit, skaterCount, goaltenderCount, conference, division, playoffStatus) VALUES ('STL', 'St. Louis', 'Blues', 79715158, 21, 3, 'Western', 'Central', 'E');
INSERT INTO Teams (teamCode, location, name, salaryCapHit, skaterCount, goaltenderCount, conference, division, playoffStatus) VALUES ('DAL', 'Dallas', 'Stars', 73355841, 20, 2, 'Western', 'Central', 'E');
INSERT INTO Teams (teamCode, location, name, salaryCapHit, skaterCount, goaltenderCount, conference, division, playoffStatus) VALUES ('COL', 'Colorado', 'Avalanche', 77789907, 19, 2, 'Western', 'Central', 'E');
INSERT INTO Teams (teamCode, location, name, salaryCapHit, skaterCount, goaltenderCount, conference, division, playoffStatus) VALUES ('ARI', 'Arizona', 'Coyotes', 70831589, 19, 2, 'Western', 'Central', 'E');

INSERT INTO Teams (teamCode, location, name, salaryCapHit, skaterCount, goaltenderCount, conference, division, playoffStatus) VALUES ('NYR', 'New York', 'Rangers', 77853660, 19, 3, 'Eastern', 'Metropolitan', 'E');
INSERT INTO Teams (teamCode, location, name, salaryCapHit, skaterCount, goaltenderCount, conference, division, playoffStatus) VALUES ('PIT', 'Pittsburgh', 'Penguins', 79939329, 20, 2, 'Eastern', 'Metropolitan', 'E');
INSERT INTO Teams (teamCode, location, name, salaryCapHit, skaterCount, goaltenderCount, conference, division, playoffStatus) VALUES ('PHI', 'Philadelphia', 'Flyers', 75435814, 18, 3, 'Eastern', 'Metropolitan', 'E');
INSERT INTO Teams (teamCode, location, name, salaryCapHit, skaterCount, goaltenderCount, conference, division, playoffStatus) VALUES ('WSH', 'Washington', 'Capitals', 82226628, 21, 3, 'Eastern', 'Metropolitan', 'E');
INSERT INTO Teams (teamCode, location, name, salaryCapHit, skaterCount, goaltenderCount, conference, division, playoffStatus) VALUES ('CBJ', 'Columbus', 'Blue Jackets', 77014069, 20, 2, 'Eastern', 'Metropolitan', 'E');
INSERT INTO Teams (teamCode, location, name, salaryCapHit, skaterCount, goaltenderCount, conference, division, playoffStatus) VALUES ('CAR', 'Carolina', 'Hurricanes', 76442394, 20, 2, 'Eastern', 'Metropolitan', 'E');
INSERT INTO Teams (teamCode, location, name, salaryCapHit, skaterCount, goaltenderCount, conference, division, playoffStatus) VALUES ('NJD', 'New Jersey', 'Devils', 81423559, 19, 2, 'Eastern', 'Metropolitan', 'E');
INSERT INTO Teams (teamCode, location, name, salaryCapHit, skaterCount, goaltenderCount, conference, division, playoffStatus) VALUES ('NYI', 'New York', 'Islanders', 70441127, 21, 2, 'Eastern', 'Metropolitan', 'E');

INSERT INTO Teams (teamCode, location, name, salaryCapHit, skaterCount, goaltenderCount, conference, division, playoffStatus) VALUES ('MTL', 'Montreal', 'Canadiens', 73902501, 18, 3, 'Eastern', 'Atlantic', 'E');
INSERT INTO Teams (teamCode, location, name, salaryCapHit, skaterCount, goaltenderCount, conference, division, playoffStatus) VALUES ('TOR', 'Toronto', 'Maple Leafs', 73305229, 20, 3, 'Eastern', 'Atlantic', 'E');
INSERT INTO Teams (teamCode, location, name, salaryCapHit, skaterCount, goaltenderCount, conference, division, playoffStatus) VALUES ('OTT', 'Ottawa', 'Senators', 81214271, 19, 2, 'Eastern', 'Atlantic', 'E');
INSERT INTO Teams (teamCode, location, name, salaryCapHit, skaterCount, goaltenderCount, conference, division, playoffStatus) VALUES ('BUF', 'Buffalo', 'Sabres', 74583210, 20, 2, 'Eastern', 'Atlantic', 'E');
INSERT INTO Teams (teamCode, location, name, salaryCapHit, skaterCount, goaltenderCount, conference, division, playoffStatus) VALUES ('TBL', 'Tampa Bay', 'Lightning', 79652691, 21, 2, 'Eastern', 'Atlantic', 'E');
INSERT INTO Teams (teamCode, location, name, salaryCapHit, skaterCount, goaltenderCount, conference, division, playoffStatus) VALUES ('FLA', 'Florida', 'Panthers', 77782916, 18, 2, 'Eastern', 'Atlantic', 'E');
INSERT INTO Teams (teamCode, location, name, salaryCapHit, skaterCount, goaltenderCount, conference, division, playoffStatus) VALUES ('DET', 'Detroit', 'Red Wings', 82048759, 19, 3, 'Eastern', 'Atlantic', 'E');
INSERT INTO Teams (teamCode, location, name, salaryCapHit, skaterCount, goaltenderCount, conference, division, playoffStatus) VALUES ('BOS', 'Boston', 'Bruins', 72007659, 20, 3, 'Eastern', 'Atlantic', 'E');

-- PLAYERS
-- Players for VAN (Vancouver Canucks)
INSERT INTO Players (playerID, name, team, salary, nationality, birthdate, position, gamesPlayed, status, jerseyNumber)
VALUES (1, 'Tyler Hughes', 'VAN', 3250000, 'Canada', TO_DATE('1996-04-12', 'YYYY-MM-DD'), 'C', 0, 'Active', 18);

INSERT INTO Players (playerID, name, team, salary, nationality, birthdate, position, gamesPlayed, status, jerseyNumber)
VALUES (2, 'Liam Brooks', 'VAN', 6250000, 'USA', TO_DATE('1994-09-25', 'YYYY-MM-DD'), 'D', 0, 'Active', 44);

INSERT INTO Players (playerID, name, team, salary, nationality, birthdate, position, gamesPlayed, status, jerseyNumber)
VALUES (3, 'Emil Sundström', 'VAN', 890000, 'Sweden', TO_DATE('2001-03-02', 'YYYY-MM-DD'), 'RW', 0, 'Active', 63);

INSERT INTO Players (playerID, name, team, salary, nationality, birthdate, position, gamesPlayed, status, jerseyNumber)
VALUES (4, 'Jakub Novak', 'VAN', 2300000, 'Czech Republic', TO_DATE('1998-07-11', 'YYYY-MM-DD'), 'LW', 0, 'Active', 12);

INSERT INTO Players (playerID, name, team, salary, nationality, birthdate, position, gamesPlayed, status, jerseyNumber)
VALUES (5, 'Ryan Miller', 'VAN', 875000, 'USA', TO_DATE('1990-02-22', 'YYYY-MM-DD'), 'G', 0, 'Active', 30);

-- Players for CGY (Calgary Flames)
INSERT INTO Players (playerID, name, team, salary, nationality, birthdate, position, gamesPlayed, status, jerseyNumber)
VALUES (6, 'Connor O’Reilly', 'CGY', 7250000, 'Canada', TO_DATE('1992-08-10', 'YYYY-MM-DD'), 'C', 0, 'Active', 93);

INSERT INTO Players (playerID, name, team, salary, nationality, birthdate, position, gamesPlayed, status, jerseyNumber)
VALUES (7, 'Markus Nieminen', 'CGY', 1250000, 'Finland', TO_DATE('2000-06-06', 'YYYY-MM-DD'), 'D', 0, 'Active', 6);

INSERT INTO Players (playerID, name, team, salary, nationality, birthdate, position, gamesPlayed, status, jerseyNumber)
VALUES (8, 'Tyler Petrov', 'CGY', 2150000, 'Russia', TO_DATE('1999-10-18', 'YYYY-MM-DD'), 'RW', 0, 'Active', 77);

INSERT INTO Players (playerID, name, team, salary, nationality, birthdate, position, gamesPlayed, status, jerseyNumber)
VALUES (9, 'Alexei Volkov', 'CGY', 3200000, 'Russia', TO_DATE('1995-12-15', 'YYYY-MM-DD'), 'LW', 0, 'Active', 10);

INSERT INTO Players (playerID, name, team, salary, nationality, birthdate, position, gamesPlayed, status, jerseyNumber)
VALUES (10, 'Jordan Ellis', 'CGY', 1100000, 'USA', TO_DATE('1989-11-03', 'YYYY-MM-DD'), 'G', 0, 'Active', 33);

-- Players for EDM (Edmonton Oilers)
INSERT INTO Players (playerID, name, team, salary, nationality, birthdate, position, gamesPlayed, status, jerseyNumber)
VALUES (11, 'Aidan McLeod', 'EDM', 4300000, 'Canada', TO_DATE('1996-01-20', 'YYYY-MM-DD'), 'C', 0, 'Active', 89);

INSERT INTO Players (playerID, name, team, salary, nationality, birthdate, position, gamesPlayed, status, jerseyNumber)
VALUES (12, 'Jussi Mäkinen', 'EDM', 2100000, 'Finland', TO_DATE('1995-04-14', 'YYYY-MM-DD'), 'D', 0, 'Active', 4);

INSERT INTO Players (playerID, name, team, salary, nationality, birthdate, position, gamesPlayed, status, jerseyNumber)
VALUES (13, 'Lucas Bernier', 'EDM', 5500000, 'Canada', TO_DATE('1993-11-23', 'YYYY-MM-DD'), 'RW', 0, 'Active', 27);

INSERT INTO Players (playerID, name, team, salary, nationality, birthdate, position, gamesPlayed, status, jerseyNumber)
VALUES (14, 'Mikhail Fedorov', 'EDM', 3200000, 'Russia', TO_DATE('1997-12-03', 'YYYY-MM-DD'), 'LW', 0, 'Active', 37);

INSERT INTO Players (playerID, name, team, salary, nationality, birthdate, position, gamesPlayed, status, jerseyNumber)
VALUES (15, 'Nikolai Kozlov', 'EDM', 4750000, 'Russia', TO_DATE('1998-09-17', 'YYYY-MM-DD'), 'G', 0, 'Active', 31);

-- Players for SEA (Seattle Kraken)
INSERT INTO Players (playerID, name, team, salary, nationality, birthdate, position, gamesPlayed, status, jerseyNumber)
VALUES (16, 'Ethan Crawford', 'SEA', 8000000, 'USA', TO_DATE('1992-06-18', 'YYYY-MM-DD'), 'C', 0, 'Active', 7);

INSERT INTO Players (playerID, name, team, salary, nationality, birthdate, position, gamesPlayed, status, jerseyNumber)
VALUES (17, 'Jakob Lindström', 'SEA', 1250000, 'Sweden', TO_DATE('1997-01-30', 'YYYY-MM-DD'), 'G', 16, 'Active', 5);

INSERT INTO Players (playerID, name, team, salary, nationality, birthdate, position, gamesPlayed, status, jerseyNumber)
VALUES (18, 'Alexander Shirokov', 'SEA', 2900000, 'Russia', TO_DATE('1998-02-19', 'YYYY-MM-DD'), 'G', 20, 'Active', 20);

INSERT INTO Players (playerID, name, team, salary, nationality, birthdate, position, gamesPlayed, status, jerseyNumber)
VALUES (19, 'Zachary Robinson', 'SEA', 1450000, 'USA', TO_DATE('1994-08-02', 'YYYY-MM-DD'), 'LW', 17, 'Active', 11);

INSERT INTO Players (playerID, name, team, salary, nationality, birthdate, position, gamesPlayed, status, jerseyNumber)
VALUES (20, 'Andrei Malakhov', 'SEA', 3750000, 'Russia', TO_DATE('1996-05-13', 'YYYY-MM-DD'), 'G', 14, 'Active', 29);

-- Players for SJS (San Jose Sharks)
INSERT INTO Players (playerID, name, team, salary, nationality, birthdate, position, gamesPlayed, status, jerseyNumber)
VALUES (21, 'Zachary Thomas', 'SJS', 5100000, 'USA', TO_DATE('1991-12-05', 'YYYY-MM-DD'), 'C', 18, 'Active', 17);

INSERT INTO Players (playerID, name, team, salary, nationality, birthdate, position, gamesPlayed, status, jerseyNumber)
VALUES (22, 'Arius Sato', 'SJS', 2750000, 'Sweden', TO_DATE('1999-07-23', 'YYYY-MM-DD'), 'D', 0, 'Active', 42);

INSERT INTO Players (playerID, name, team, salary, nationality, birthdate, position, gamesPlayed, status, jerseyNumber)
VALUES (23, 'Lucas Vázquez', 'SJS', 3200000, 'Canada', TO_DATE('1997-04-10', 'YYYY-MM-DD'), 'RW', 0, 'Active', 8);

INSERT INTO Players (playerID, name, team, salary, nationality, birthdate, position, gamesPlayed, status, jerseyNumber)
VALUES (24, 'Ilya Kovalchuk', 'SJS', 5500000, 'Russia', TO_DATE('1995-09-13', 'YYYY-MM-DD'), 'LW', 0, 'Active', 77);

INSERT INTO Players (playerID, name, team, salary, nationality, birthdate, position, gamesPlayed, status, jerseyNumber)
VALUES (25, 'Brock McKinnon', 'SJS', 1000000, 'USA', TO_DATE('1994-03-04', 'YYYY-MM-DD'), 'G', 0, 'Active', 33);

-- Players for LAK (Los Angeles Kings)
INSERT INTO Players (playerID, name, team, salary, nationality, birthdate, position, gamesPlayed, status, jerseyNumber)
VALUES (26, 'Austin Carter', 'LAK', 4500000, 'USA', TO_DATE('1991-10-04', 'YYYY-MM-DD'), 'C', 0, 'Active', 11);

INSERT INTO Players (playerID, name, team, salary, nationality, birthdate, position, gamesPlayed, status, jerseyNumber)
VALUES (27, 'Maxim Zaitsev', 'LAK', 1950000, 'Russia', TO_DATE('1999-01-18', 'YYYY-MM-DD'), 'D', 0, 'Active', 23);

INSERT INTO Players (playerID, name, team, salary, nationality, birthdate, position, gamesPlayed, status, jerseyNumber)
VALUES (28, 'Oliver Eriksson', 'LAK', 4800000, 'Sweden', TO_DATE('1995-03-12', 'YYYY-MM-DD'), 'RW', 0, 'Active', 28);

INSERT INTO Players (playerID, name, team, salary, nationality, birthdate, position, gamesPlayed, status, jerseyNumber)
VALUES (29, 'Pavel Abramov', 'LAK', 2500000, 'Russia', TO_DATE('1998-07-20', 'YYYY-MM-DD'), 'LW', 0, 'Active', 13);

INSERT INTO Players (playerID, name, team, salary, nationality, birthdate, position, gamesPlayed, status, jerseyNumber)
VALUES (30, 'Jacob Swift', 'LAK', 3200000, 'USA', TO_DATE('1997-06-09', 'YYYY-MM-DD'), 'G', 0, 'Active', 32);

-- Players for ANA (Anaheim Ducks)
INSERT INTO Players (playerID, name, team, salary, nationality, birthdate, position, gamesPlayed, status, jerseyNumber)
VALUES (31, 'Seth Harrington', 'ANA', 2300000, 'USA', TO_DATE('1996-04-21', 'YYYY-MM-DD'), 'C', 0, 'Active', 7);

INSERT INTO Players (playerID, name, team, salary, nationality, birthdate, position, gamesPlayed, status, jerseyNumber)
VALUES (32, 'Erik Sundin', 'ANA', 5500000, 'Sweden', TO_DATE('1998-08-15', 'YYYY-MM-DD'), 'D', 0, 'Active', 16);

INSERT INTO Players (playerID, name, team, salary, nationality, birthdate, position, gamesPlayed, status, jerseyNumber)
VALUES (33, 'David Li', 'ANA', 4400000, 'Canada', TO_DATE('1997-01-02', 'YYYY-MM-DD'), 'RW', 0, 'Active', 24);

INSERT INTO Players (playerID, name, team, salary, nationality, birthdate, position, gamesPlayed, status, jerseyNumber)
VALUES (34, 'Nikita Datsyuk', 'ANA', 3200000, 'Russia', TO_DATE('2000-06-30', 'YYYY-MM-DD'), 'LW', 0, 'Active', 22);

INSERT INTO Players (playerID, name, team, salary, nationality, birthdate, position, gamesPlayed, status, jerseyNumber)
VALUES (35, 'Matthew Kirk', 'ANA', 7500000, 'USA', TO_DATE('1994-09-03', 'YYYY-MM-DD'), 'G', 0, 'Active', 31);

-- Players for VGK (Vegas Golden Knights)
INSERT INTO Players (playerID, name, team, salary, nationality, birthdate, position, gamesPlayed, status, jerseyNumber)
VALUES (36, 'Jordan Stone', 'VGK', 5700000, 'USA', TO_DATE('1992-07-22', 'YYYY-MM-DD'), 'C', 0, 'Active', 15);

INSERT INTO Players (playerID, name, team, salary, nationality, birthdate, position, gamesPlayed, status, jerseyNumber)
VALUES (37, 'Dmitri Orlov', 'VGK', 6200000, 'Russia', TO_DATE('1993-11-14', 'YYYY-MM-DD'), 'D', 0, 'Active', 9);

INSERT INTO Players (playerID, name, team, salary, nationality, birthdate, position, gamesPlayed, status, jerseyNumber)
VALUES (38, 'Nathaniel Bell', 'VGK', 5300000, 'Canada', TO_DATE('1995-03-19', 'YYYY-MM-DD'), 'RW', 0, 'Active', 39);

INSERT INTO Players (playerID, name, team, salary, nationality, birthdate, position, gamesPlayed, status, jerseyNumber)
VALUES (39, 'Sergey Petrov', 'VGK', 4300000, 'Russia', TO_DATE('2000-02-23', 'YYYY-MM-DD'), 'LW', 0, 'Active', 19);

INSERT INTO Players (playerID, name, team, salary, nationality, birthdate, position, gamesPlayed, status, jerseyNumber)
VALUES (40, 'Evan Hargrave', 'VGK', 8200000, 'USA', TO_DATE('1990-12-30', 'YYYY-MM-DD'), 'G', 0, 'Active', 31);

-- Players for WPG (Winnipeg Jets)
INSERT INTO Players (playerID, name, team, salary, nationality, birthdate, position, gamesPlayed, status, jerseyNumber)
VALUES (41, 'Maxim Kravtsov', 'WPG', 3800000, 'Russia', TO_DATE('1997-09-14', 'YYYY-MM-DD'), 'C', 0, 'Active', 17);

INSERT INTO Players (playerID, name, team, salary, nationality, birthdate, position, gamesPlayed, status, jerseyNumber)
VALUES (42, 'Ivan Kozlov', 'WPG', 4500000, 'Russia', TO_DATE('1996-12-22', 'YYYY-MM-DD'), 'D', 0, 'Active', 4);

INSERT INTO Players (playerID, name, team, salary, nationality, birthdate, position, gamesPlayed, status, jerseyNumber)
VALUES (43, 'Brody Campbell', 'WPG', 3500000, 'Canada', TO_DATE('1999-05-12', 'YYYY-MM-DD'), 'RW', 0, 'Active', 10);

INSERT INTO Players (playerID, name, team, salary, nationality, birthdate, position, gamesPlayed, status, jerseyNumber)
VALUES (44, 'Mikhail Antipov', 'WPG', 4600000, 'Russia', TO_DATE('2000-02-19', 'YYYY-MM-DD'), 'LW', 0, 'Active', 29);

INSERT INTO Players (playerID, name, team, salary, nationality, birthdate, position, gamesPlayed, status, jerseyNumber)
VALUES (45, 'Keith Jacobs', 'WPG', 6000000, 'USA', TO_DATE('1992-11-08', 'YYYY-MM-DD'), 'G', 0, 'Active', 35);

-- Players for CHI (Chicago Blackhawks)
INSERT INTO Players (playerID, name, team, salary, nationality, birthdate, position, gamesPlayed, status, jerseyNumber)
VALUES (46, 'Brandon Miller', 'CHI', 4800000, 'Canada', TO_DATE('1996-09-05', 'YYYY-MM-DD'), 'C', 0, 'Active', 25);

INSERT INTO Players (playerID, name, team, salary, nationality, birthdate, position, gamesPlayed, status, jerseyNumber)
VALUES (47, 'Anders Håkansson', 'CHI', 3200000, 'Sweden', TO_DATE('1995-04-17', 'YYYY-MM-DD'), 'D', 0, 'Active', 8);

INSERT INTO Players (playerID, name, team, salary, nationality, birthdate, position, gamesPlayed, status, jerseyNumber)
VALUES (48, 'Derrick Wells', 'CHI', 4700000, 'USA', TO_DATE('1998-11-21', 'YYYY-MM-DD'), 'RW', 0, 'Active', 16);

INSERT INTO Players (playerID, name, team, salary, nationality, birthdate, position, gamesPlayed, status, jerseyNumber)
VALUES (49, 'Gustav Dahlberg', 'CHI', 3500000, 'Sweden', TO_DATE('1999-01-03', 'YYYY-MM-DD'), 'LW', 0, 'Active', 23);

INSERT INTO Players (playerID, name, team, salary, nationality, birthdate, position, gamesPlayed, status, jerseyNumber)
VALUES (50, 'Samuel Green', 'CHI', 7000000, 'USA', TO_DATE('1990-02-25', 'YYYY-MM-DD'), 'G', 0, 'Active', 30);

-- Players for MIN (Minnesota Wild)
INSERT INTO Players (playerID, name, team, salary, nationality, birthdate, position, gamesPlayed, status, jerseyNumber)
VALUES (51, 'Jakob Sandström', 'MIN', 4900000, 'Sweden', TO_DATE('1995-02-21', 'YYYY-MM-DD'), 'C', 0, 'Active', 17);

INSERT INTO Players (playerID, name, team, salary, nationality, birthdate, position, gamesPlayed, status, jerseyNumber)
VALUES (52, 'Zachary Hodge', 'MIN', 3700000, 'USA', TO_DATE('1996-08-11', 'YYYY-MM-DD'), 'D', 0, 'Active', 22);

INSERT INTO Players (playerID, name, team, salary, nationality, birthdate, position, gamesPlayed, status, jerseyNumber)
VALUES (53, 'Aleksei Rudenko', 'MIN', 4500000, 'Russia', TO_DATE('1999-05-10', 'YYYY-MM-DD'), 'RW', 0, 'Active', 25);

INSERT INTO Players (playerID, name, team, salary, nationality, birthdate, position, gamesPlayed, status, jerseyNumber)
VALUES (54, 'Elliott Lawson', 'MIN', 3200000, 'Canada', TO_DATE('1998-01-06', 'YYYY-MM-DD'), 'LW', 0, 'Active', 14);

INSERT INTO Players (playerID, name, team, salary, nationality, birthdate, position, gamesPlayed, status, jerseyNumber)
VALUES (55, 'Kurtis Morrison', 'MIN', 7200000, 'Canada', TO_DATE('1993-10-19', 'YYYY-MM-DD'), 'G', 0, 'Active', 40);

-- Players for DAL (Dallas Stars)
INSERT INTO Players (playerID, name, team, salary, nationality, birthdate, position, gamesPlayed, status, jerseyNumber)
VALUES (56, 'Ryan Barker', 'DAL', 5100000, 'USA', TO_DATE('1997-03-22', 'YYYY-MM-DD'), 'C', 0, 'Active', 17);

INSERT INTO Players (playerID, name, team, salary, nationality, birthdate, position, gamesPlayed, status, jerseyNumber)
VALUES (57, 'Sebastian Jansson', 'DAL', 4000000, 'Sweden', TO_DATE('1996-05-09', 'YYYY-MM-DD'), 'D', 0, 'Active', 3);

INSERT INTO Players (playerID, name, team, salary, nationality, birthdate, position, gamesPlayed, status, jerseyNumber)
VALUES (58, 'Brandon Knight', 'DAL', 4700000, 'Canada', TO_DATE('1998-06-12', 'YYYY-MM-DD'), 'RW', 0, 'Active', 19);

INSERT INTO Players (playerID, name, team, salary, nationality, birthdate, position, gamesPlayed, status, jerseyNumber)
VALUES (59, 'Anton Volkov', 'DAL', 3600000, 'Russia', TO_DATE('2000-09-27', 'YYYY-MM-DD'), 'LW', 0, 'Active', 9);

INSERT INTO Players (playerID, name, team, salary, nationality, birthdate, position, gamesPlayed, status, jerseyNumber)
VALUES (60, 'Philip Costa', 'DAL', 8000000, 'USA', TO_DATE('1994-12-14', 'YYYY-MM-DD'), 'G', 0, 'Active', 31);

-- Players for EDM (Edmonton Oilers)
INSERT INTO Players (playerID, name, team, salary, nationality, birthdate, position, gamesPlayed, status, jerseyNumber)
VALUES (61, 'Jaxon Williams', 'EDM', 5300000, 'Canada', TO_DATE('1997-05-22', 'YYYY-MM-DD'), 'C', 0, 'Active', 18);

INSERT INTO Players (playerID, name, team, salary, nationality, birthdate, position, gamesPlayed, status, jerseyNumber)
VALUES (62, 'Jacob Lemoine', 'EDM', 3900000, 'Canada', TO_DATE('1996-02-28', 'YYYY-MM-DD'), 'D', 0, 'Active', 7);

INSERT INTO Players (playerID, name, team, salary, nationality, birthdate, position, gamesPlayed, status, jerseyNumber)
VALUES (63, 'Victor Sokolov', 'EDM', 4700000, 'Russia', TO_DATE('1998-03-14', 'YYYY-MM-DD'), 'RW', 0, 'Active', 25);

INSERT INTO Players (playerID, name, team, salary, nationality, birthdate, position, gamesPlayed, status, jerseyNumber)
VALUES (64, 'Mason Andrews', 'EDM', 3900000, 'USA', TO_DATE('1997-07-10', 'YYYY-MM-DD'), 'LW', 0, 'Active', 24);

INSERT INTO Players (playerID, name, team, salary, nationality, birthdate, position, gamesPlayed, status, jerseyNumber)
VALUES (65, 'Alexander Volodin', 'EDM', 7600000, 'Russia', TO_DATE('1993-06-16', 'YYYY-MM-DD'), 'G', 0, 'Active', 33);

-- Players for COL (Colorado Avalanche)
INSERT INTO Players (playerID, name, team, salary, nationality, birthdate, position, gamesPlayed, status, jerseyNumber)
VALUES (66, 'Tyler Mitchell', 'COL', 5100000, 'USA', TO_DATE('1996-08-02', 'YYYY-MM-DD'), 'C', 0, 'Active', 7);

INSERT INTO Players (playerID, name, team, salary, nationality, birthdate, position, gamesPlayed, status, jerseyNumber)
VALUES (67, 'Jakub Mrazek', 'COL', 4300000, 'Czech Republic', TO_DATE('1998-01-20', 'YYYY-MM-DD'), 'D', 0, 'Active', 15);

INSERT INTO Players (playerID, name, team, salary, nationality, birthdate, position, gamesPlayed, status, jerseyNumber)
VALUES (68, 'Harrison Ford', 'COL', 3900000, 'USA', TO_DATE('1999-04-05', 'YYYY-MM-DD'), 'RW', 0, 'Active', 26);

INSERT INTO Players (playerID, name, team, salary, nationality, birthdate, position, gamesPlayed, status, jerseyNumber)
VALUES (69, 'Nikita Mikhailov', 'COL', 4800000, 'Russia', TO_DATE('2000-01-15', 'YYYY-MM-DD'), 'LW', 0, 'Active', 18);

INSERT INTO Players (playerID, name, team, salary, nationality, birthdate, position, gamesPlayed, status, jerseyNumber)
VALUES (70, 'Ryan Anderson', 'COL', 7800000, 'USA', TO_DATE('1991-12-23', 'YYYY-MM-DD'), 'G', 0, 'Active', 34);

-- Players for ARI (Arizona Coyotes)
INSERT INTO Players (playerID, name, team, salary, nationality, birthdate, position, gamesPlayed, status, jerseyNumber)
VALUES (71, 'Maxwell Stevenson', 'ARI', 5300000, 'Canada', TO_DATE('1997-01-30', 'YYYY-MM-DD'), 'C', 0, 'Active', 28);

INSERT INTO Players (playerID, name, team, salary, nationality, birthdate, position, gamesPlayed, status, jerseyNumber)
VALUES (72, 'Igor Volkov', 'ARI', 4700000, 'Russia', TO_DATE('1996-04-13', 'YYYY-MM-DD'), 'D', 0, 'Active', 14);

INSERT INTO Players (playerID, name, team, salary, nationality, birthdate, position, gamesPlayed, status, jerseyNumber)
VALUES (73, 'Brandon Reese', 'ARI', 4400000, 'USA', TO_DATE('1998-09-22', 'YYYY-MM-DD'), 'RW', 0, 'Active', 11);

INSERT INTO Players (playerID, name, team, salary, nationality, birthdate, position, gamesPlayed, status, jerseyNumber)
VALUES (74, 'Alexey Baranov', 'ARI', 3600000, 'Russia', TO_DATE('1999-02-10', 'YYYY-MM-DD'), 'LW', 0, 'Active', 30);

INSERT INTO Players (playerID, name, team, salary, nationality, birthdate, position, gamesPlayed, status, jerseyNumber)
VALUES (75, 'Samuel Blanchard', 'ARI', 6700000, 'Canada', TO_DATE('1990-10-21', 'YYYY-MM-DD'), 'G', 0, 'Active', 31);

-- Players for SJ (Los Angeles Kings)
INSERT INTO Players (playerID, name, team, salary, nationality, birthdate, position, gamesPlayed, status, jerseyNumber)
VALUES (76, 'Colton Morris', 'LAK', 4700000, 'USA', TO_DATE('1998-04-10', 'YYYY-MM-DD'), 'C', 0, 'Active', 10);

INSERT INTO Players (playerID, name, team, salary, nationality, birthdate, position, gamesPlayed, status, jerseyNumber)
VALUES (77, 'Mikael Jonsson', 'LAK', 4000000, 'Sweden', TO_DATE('1997-09-01', 'YYYY-MM-DD'), 'D', 0, 'Active', 6);

INSERT INTO Players (playerID, name, team, salary, nationality, birthdate, position, gamesPlayed, status, jerseyNumber)
VALUES (78, 'Travis Scott', 'LAK', 4300000, 'USA', TO_DATE('1999-11-18', 'YYYY-MM-DD'), 'RW', 0, 'Active', 21);

INSERT INTO Players (playerID, name, team, salary, nationality, birthdate, position, gamesPlayed, status, jerseyNumber)
VALUES (79, 'Oskar Nylander', 'LAK', 3700000, 'Sweden', TO_DATE('1996-06-05', 'YYYY-MM-DD'), 'LW', 0, 'Active', 24);

INSERT INTO Players (playerID, name, team, salary, nationality, birthdate, position, gamesPlayed, status, jerseyNumber)
VALUES (80, 'Nikolai Petrov', 'LAK', 8000000, 'Russia', TO_DATE('1993-08-15', 'YYYY-MM-DD'), 'G', 0, 'Active', 40);

INSERT INTO Players (playerID, name, team, salary, nationality, birthdate, position, gamesPlayed, status, jerseyNumber)
VALUES (136, 'Ethan Howard', 'LAK', 5200000, 'USA', TO_DATE('1997-12-11', 'YYYY-MM-DD'), 'C', 0, 'Active', 14);

INSERT INTO Players (playerID, name, team, salary, nationality, birthdate, position, gamesPlayed, status, jerseyNumber)
VALUES (137, 'Axel Wikström', 'LAK', 4400000, 'Sweden', TO_DATE('1996-10-29', 'YYYY-MM-DD'), 'D', 0, 'Active', 7);

INSERT INTO Players (playerID, name, team, salary, nationality, birthdate, position, gamesPlayed, status, jerseyNumber)
VALUES (138, 'Tyler Brooks', 'LAK', 4700000, 'USA', TO_DATE('1997-01-22', 'YYYY-MM-DD'), 'RW', 0, 'Active', 21);

INSERT INTO Players (playerID, name, team, salary, nationality, birthdate, position, gamesPlayed, status, jerseyNumber)
VALUES (139, 'Johan Lundqvist', 'LAK', 4200000, 'Sweden', TO_DATE('1998-04-10', 'YYYY-MM-DD'), 'LW', 0, 'Active', 25);

INSERT INTO Players (playerID, name, team, salary, nationality, birthdate, position, gamesPlayed, status, jerseyNumber)
VALUES (140, 'Victor Carlsson', 'LAK', 7100000, 'Sweden', TO_DATE('1991-11-18', 'YYYY-MM-DD'), 'G', 0, 'Active', 31);

-- Players for BUF (Buffalo Sabres)
INSERT INTO Players (playerID, name, team, salary, nationality, birthdate, position, gamesPlayed, status, jerseyNumber)
VALUES (81, 'Jaden Lucas', 'BUF', 4600000, 'USA', TO_DATE('1996-01-15', 'YYYY-MM-DD'), 'C', 0, 'Active', 9);

INSERT INTO Players (playerID, name, team, salary, nationality, birthdate, position, gamesPlayed, status, jerseyNumber)
VALUES (82, 'Sven Carlson', 'BUF', 3900000, 'Canada', TO_DATE('1997-05-27', 'YYYY-MM-DD'), 'D', 0, 'Active', 22);

INSERT INTO Players (playerID, name, team, salary, nationality, birthdate, position, gamesPlayed, status, jerseyNumber)
VALUES (83, 'Jason Miller', 'BUF', 4300000, 'USA', TO_DATE('1998-03-12', 'YYYY-MM-DD'), 'RW', 0, 'Active', 13);

INSERT INTO Players (playerID, name, team, salary, nationality, birthdate, position, gamesPlayed, status, jerseyNumber)
VALUES (84, 'Ivan Kozlov', 'BUF', 5100000, 'Russia', TO_DATE('1997-07-24', 'YYYY-MM-DD'), 'LW', 0, 'Active', 15);

INSERT INTO Players (playerID, name, team, salary, nationality, birthdate, position, gamesPlayed, status, jerseyNumber)
VALUES (85, 'Dylan Harris', 'BUF', 7700000, 'Canada', TO_DATE('1993-11-30', 'YYYY-MM-DD'), 'G', 0, 'Active', 34);

-- Players for BOS (Boston Bruins)
INSERT INTO Players (playerID, name, team, salary, nationality, birthdate, position, gamesPlayed, status, jerseyNumber)
VALUES (86, 'Joshua Kelly', 'BOS', 4900000, 'Canada', TO_DATE('1997-06-18', 'YYYY-MM-DD'), 'C', 0, 'Active', 25);

INSERT INTO Players (playerID, name, team, salary, nationality, birthdate, position, gamesPlayed, status, jerseyNumber)
VALUES (87, 'Gustav Andersson', 'BOS', 4300000, 'Sweden', TO_DATE('1996-01-13', 'YYYY-MM-DD'), 'D', 0, 'Active', 4);

INSERT INTO Players (playerID, name, team, salary, nationality, birthdate, position, gamesPlayed, status, jerseyNumber)
VALUES (88, 'Brendan Kelly', 'BOS', 4600000, 'USA', TO_DATE('1999-11-08', 'YYYY-MM-DD'), 'RW', 0, 'Active', 27);

INSERT INTO Players (playerID, name, team, salary, nationality, birthdate, position, gamesPlayed, status, jerseyNumber)
VALUES (89, 'Lucas Lundqvist', 'BOS', 4200000, 'Sweden', TO_DATE('1998-02-14', 'YYYY-MM-DD'), 'LW', 0, 'Active', 19);

INSERT INTO Players (playerID, name, team, salary, nationality, birthdate, position, gamesPlayed, status, jerseyNumber)
VALUES (90, 'Samuel Eriksson', 'BOS', 7200000, 'Sweden', TO_DATE('1992-05-22', 'YYYY-MM-DD'), 'G', 0, 'Active', 31);

-- Players for NYR (New York Rangers)
INSERT INTO Players (playerID, name, team, salary, nationality, birthdate, position, gamesPlayed, status, jerseyNumber)
VALUES (91, 'Matthew Klein', 'NYR', 5200000, 'USA', TO_DATE('1997-04-03', 'YYYY-MM-DD'), 'C', 0, 'Active', 15);

INSERT INTO Players (playerID, name, team, salary, nationality, birthdate, position, gamesPlayed, status, jerseyNumber)
VALUES (92, 'Leonard Pettersson', 'NYR', 4500000, 'Sweden', TO_DATE('1996-03-21', 'YYYY-MM-DD'), 'D', 0, 'Active', 6);

INSERT INTO Players (playerID, name, team, salary, nationality, birthdate, position, gamesPlayed, status, jerseyNumber)
VALUES (93, 'Zachary Phelps', 'NYR', 4700000, 'USA', TO_DATE('1998-11-30', 'YYYY-MM-DD'), 'RW', 0, 'Active', 20);

INSERT INTO Players (playerID, name, team, salary, nationality, birthdate, position, gamesPlayed, status, jerseyNumber)
VALUES (94, 'Oliver Nilsson', 'NYR', 4300000, 'Sweden', TO_DATE('1997-02-17', 'YYYY-MM-DD'), 'LW', 0, 'Active', 18);

INSERT INTO Players (playerID, name, team, salary, nationality, birthdate, position, gamesPlayed, status, jerseyNumber)
VALUES (95, 'Marcus Johansson', 'NYR', 7500000, 'Sweden', TO_DATE('1992-04-23', 'YYYY-MM-DD'), 'G', 0, 'Active', 40);

-- Players for FLA (Florida Panthers)
INSERT INTO Players (playerID, name, team, salary, nationality, birthdate, position, gamesPlayed, status, jerseyNumber)
VALUES (96, 'Evan Murphy', 'FLA', 4800000, 'USA', TO_DATE('1997-02-03', 'YYYY-MM-DD'), 'C', 0, 'Active', 27);

INSERT INTO Players (playerID, name, team, salary, nationality, birthdate, position, gamesPlayed, status, jerseyNumber)
VALUES (97, 'Jesper Nyberg', 'FLA', 4200000, 'Sweden', TO_DATE('1996-10-09', 'YYYY-MM-DD'), 'D', 0, 'Active', 11);

INSERT INTO Players (playerID, name, team, salary, nationality, birthdate, position, gamesPlayed, status, jerseyNumber)
VALUES (98, 'Jack Reilly', 'FLA', 4600000, 'USA', TO_DATE('1998-12-03', 'YYYY-MM-DD'), 'RW', 0, 'Active', 16);

INSERT INTO Players (playerID, name, team, salary, nationality, birthdate, position, gamesPlayed, status, jerseyNumber)
VALUES (99, 'Henrik Larsson', 'FLA', 4300000, 'Sweden', TO_DATE('1997-09-20', 'YYYY-MM-DD'), 'LW', 0, 'Active', 22);

INSERT INTO Players (playerID, name, team, salary, nationality, birthdate, position, gamesPlayed, status, jerseyNumber)
VALUES (100, 'Jakob Eriksson', 'FLA', 7000000, 'Sweden', TO_DATE('1991-06-07', 'YYYY-MM-DD'), 'G', 0, 'Active', 34);

-- Players for CAR (Carolina Hurricanes)
INSERT INTO Players (playerID, name, team, salary, nationality, birthdate, position, gamesPlayed, status, jerseyNumber)
VALUES (101, 'Nicolas Lambert', 'CAR', 5200000, 'Canada', TO_DATE('1997-06-05', 'YYYY-MM-DD'), 'C', 0, 'Active', 12);

INSERT INTO Players (playerID, name, team, salary, nationality, birthdate, position, gamesPlayed, status, jerseyNumber)
VALUES (102, 'Viktor Jansson', 'CAR', 4500000, 'Sweden', TO_DATE('1998-04-17', 'YYYY-MM-DD'), 'D', 0, 'Active', 3);

INSERT INTO Players (playerID, name, team, salary, nationality, birthdate, position, gamesPlayed, status, jerseyNumber)
VALUES (103, 'Mason Perry', 'CAR', 4700000, 'USA', TO_DATE('1997-10-29', 'YYYY-MM-DD'), 'RW', 0, 'Active', 24);

INSERT INTO Players (playerID, name, team, salary, nationality, birthdate, position, gamesPlayed, status, jerseyNumber)
VALUES (104, 'Lukas Falk', 'CAR', 4200000, 'Sweden', TO_DATE('1999-02-09', 'YYYY-MM-DD'), 'LW', 0, 'Active', 28);

INSERT INTO Players (playerID, name, team, salary, nationality, birthdate, position, gamesPlayed, status, jerseyNumber)
VALUES (105, 'Mikko Petrov', 'CAR', 7000000, 'Russia', TO_DATE('1991-07-19', 'YYYY-MM-DD'), 'G', 0, 'Active', 31);

-- Players for OTT (Ottawa Senators)
INSERT INTO Players (playerID, name, team, salary, nationality, birthdate, position, gamesPlayed, status, jerseyNumber)
VALUES (106, 'Julian Walker', 'OTT', 5100000, 'Canada', TO_DATE('1998-03-15', 'YYYY-MM-DD'), 'C', 0, 'Active', 11);

INSERT INTO Players (playerID, name, team, salary, nationality, birthdate, position, gamesPlayed, status, jerseyNumber)
VALUES (107, 'Erik Johansson', 'OTT', 4500000, 'Sweden', TO_DATE('1996-01-09', 'YYYY-MM-DD'), 'D', 0, 'Active', 5);

INSERT INTO Players (playerID, name, team, salary, nationality, birthdate, position, gamesPlayed, status, jerseyNumber)
VALUES (108, 'Ben Thompson', 'OTT', 4700000, 'USA', TO_DATE('1997-11-21', 'YYYY-MM-DD'), 'RW', 0, 'Active', 21);

INSERT INTO Players (playerID, name, team, salary, nationality, birthdate, position, gamesPlayed, status, jerseyNumber)
VALUES (109, 'Lukas Blomberg', 'OTT', 4200000, 'Sweden', TO_DATE('1997-05-13', 'YYYY-MM-DD'), 'LW', 0, 'Active', 15);

INSERT INTO Players (playerID, name, team, salary, nationality, birthdate, position, gamesPlayed, status, jerseyNumber)
VALUES (110, 'Sebastian Andersson', 'OTT', 7200000, 'Sweden', TO_DATE('1992-02-23', 'YYYY-MM-DD'), 'G', 0, 'Active', 37);

-- Players for TBL (Tampa Bay Lightning)
INSERT INTO Players (playerID, name, team, salary, nationality, birthdate, position, gamesPlayed, status, jerseyNumber)
VALUES (111, 'Jacob Hughes', 'TBL', 5300000, 'USA', TO_DATE('1997-09-14', 'YYYY-MM-DD'), 'C', 0, 'Active', 18);

INSERT INTO Players (playerID, name, team, salary, nationality, birthdate, position, gamesPlayed, status, jerseyNumber)
VALUES (112, 'Oskar Lindström', 'TBL', 4700000, 'Sweden', TO_DATE('1996-04-01', 'YYYY-MM-DD'), 'D', 0, 'Active', 7);

INSERT INTO Players (playerID, name, team, salary, nationality, birthdate, position, gamesPlayed, status, jerseyNumber)
VALUES (113, 'Mason Harris', 'TBL', 4600000, 'USA', TO_DATE('1998-10-12', 'YYYY-MM-DD'), 'RW', 0, 'Active', 22);

INSERT INTO Players (playerID, name, team, salary, nationality, birthdate, position, gamesPlayed, status, jerseyNumber)
VALUES (114, 'Niklas Persson', 'TBL', 4400000, 'Sweden', TO_DATE('1997-03-28', 'YYYY-MM-DD'), 'LW', 0, 'Active', 23);

INSERT INTO Players (playerID, name, team, salary, nationality, birthdate, position, gamesPlayed, status, jerseyNumber)
VALUES (115, 'Johan Nilsson', 'TBL', 7500000, 'Sweden', TO_DATE('1991-05-02', 'YYYY-MM-DD'), 'G', 0, 'Active', 34);

-- Players for NYI (New York Islanders)
INSERT INTO Players (playerID, name, team, salary, nationality, birthdate, position, gamesPlayed, status, jerseyNumber)
VALUES (116, 'Bradley Cohen', 'NYI', 5000000, 'USA', TO_DATE('1997-08-01', 'YYYY-MM-DD'), 'C', 0, 'Active', 11);

INSERT INTO Players (playerID, name, team, salary, nationality, birthdate, position, gamesPlayed, status, jerseyNumber)
VALUES (117, 'Oscar Sandberg', 'NYI', 4400000, 'Sweden', TO_DATE('1996-10-23', 'YYYY-MM-DD'), 'D', 0, 'Active', 3);

INSERT INTO Players (playerID, name, team, salary, nationality, birthdate, position, gamesPlayed, status, jerseyNumber)
VALUES (118, 'Gabe Turner', 'NYI', 4600000, 'USA', TO_DATE('1998-09-07', 'YYYY-MM-DD'), 'RW', 0, 'Active', 24);

INSERT INTO Players (playerID, name, team, salary, nationality, birthdate, position, gamesPlayed, status, jerseyNumber)
VALUES (119, 'Victor Ekström', 'NYI', 4200000, 'Sweden', TO_DATE('1997-11-14', 'YYYY-MM-DD'), 'LW', 0, 'Active', 16);

INSERT INTO Players (playerID, name, team, salary, nationality, birthdate, position, gamesPlayed, status, jerseyNumber)
VALUES (120, 'Alexander Larsson', 'NYI', 7300000, 'Sweden', TO_DATE('1992-01-19', 'YYYY-MM-DD'), 'G', 0, 'Active', 40);

-- Players for DET (Detroit Red Wings)
INSERT INTO Players (playerID, name, team, salary, nationality, birthdate, position, gamesPlayed, status, jerseyNumber)
VALUES (121, 'Zachary Jenkins', 'DET', 4900000, 'Canada', TO_DATE('1997-05-06', 'YYYY-MM-DD'), 'C', 0, 'Active', 12);

INSERT INTO Players (playerID, name, team, salary, nationality, birthdate, position, gamesPlayed, status, jerseyNumber)
VALUES (122, 'Erik Rautio', 'DET', 4600000, 'Finland', TO_DATE('1998-07-10', 'YYYY-MM-DD'), 'D', 0, 'Active', 5);

INSERT INTO Players (playerID, name, team, salary, nationality, birthdate, position, gamesPlayed, status, jerseyNumber)
VALUES (123, 'Colton Brown', 'DET', 4700000, 'USA', TO_DATE('1997-08-12', 'YYYY-MM-DD'), 'RW', 0, 'Active', 23);

INSERT INTO Players (playerID, name, team, salary, nationality, birthdate, position, gamesPlayed, status, jerseyNumber)
VALUES (124, 'Leo Aho', 'DET', 4200000, 'Finland', TO_DATE('1996-04-22', 'YYYY-MM-DD'), 'LW', 0, 'Active', 18);

INSERT INTO Players (playerID, name, team, salary, nationality, birthdate, position, gamesPlayed, status, jerseyNumber)
VALUES (125, 'Hugo Nieminen', 'DET', 7400000, 'Finland', TO_DATE('1991-02-03', 'YYYY-MM-DD'), 'G', 0, 'Active', 35);

-- Players for MTL (Montreal Canadiens)
INSERT INTO Players (playerID, name, team, salary, nationality, birthdate, position, gamesPlayed, status, jerseyNumber)
VALUES (126, 'Tyler Mitchell', 'MTL', 5200000, 'Canada', TO_DATE('1997-09-05', 'YYYY-MM-DD'), 'C', 0, 'Active', 16);

INSERT INTO Players (playerID, name, team, salary, nationality, birthdate, position, gamesPlayed, status, jerseyNumber)
VALUES (127, 'Joni Virtanen', 'MTL', 4600000, 'Finland', TO_DATE('1996-12-20', 'YYYY-MM-DD'), 'D', 0, 'Active', 3);

INSERT INTO Players (playerID, name, team, salary, nationality, birthdate, position, gamesPlayed, status, jerseyNumber)
VALUES (128, 'Dylan Martin', 'MTL', 4800000, 'Canada', TO_DATE('1997-07-04', 'YYYY-MM-DD'), 'RW', 0, 'Active', 21);

INSERT INTO Players (playerID, name, team, salary, nationality, birthdate, position, gamesPlayed, status, jerseyNumber)
VALUES (129, 'Mikko Karjalainen', 'MTL', 4400000, 'Finland', TO_DATE('1997-11-03', 'YYYY-MM-DD'), 'LW', 0, 'Active', 22);

INSERT INTO Players (playerID, name, team, salary, nationality, birthdate, position, gamesPlayed, status, jerseyNumber)
VALUES (130, 'Emil Lundqvist', 'MTL', 7200000, 'Sweden', TO_DATE('1991-04-09', 'YYYY-MM-DD'), 'G', 0, 'Active', 32);

-- Players for PIT (Pittsburgh Penguins)
INSERT INTO Players (playerID, name, team, salary, nationality, birthdate, position, gamesPlayed, status, jerseyNumber)
VALUES (131, 'Carter Davis', 'PIT', 5100000, 'USA', TO_DATE('1998-04-26', 'YYYY-MM-DD'), 'C', 0, 'Active', 16);

INSERT INTO Players (playerID, name, team, salary, nationality, birthdate, position, gamesPlayed, status, jerseyNumber)
VALUES (132, 'Jonas Johansson', 'PIT', 4400000, 'Sweden', TO_DATE('1996-07-10', 'YYYY-MM-DD'), 'D', 0, 'Active', 4);

INSERT INTO Players (playerID, name, team, salary, nationality, birthdate, position, gamesPlayed, status, jerseyNumber)
VALUES (133, 'Brock Wilson', 'PIT', 4600000, 'USA', TO_DATE('1997-09-18', 'YYYY-MM-DD'), 'RW', 0, 'Active', 22);

INSERT INTO Players (playerID, name, team, salary, nationality, birthdate, position, gamesPlayed, status, jerseyNumber)
VALUES (134, 'Johan Björkman', 'PIT', 4200000, 'Sweden', TO_DATE('1997-05-24', 'YYYY-MM-DD'), 'LW', 0, 'Active', 18);

INSERT INTO Players (playerID, name, team, salary, nationality, birthdate, position, gamesPlayed, status, jerseyNumber)
VALUES (135, 'Kasper Hämäläinen', 'PIT', 7300000, 'Finland', TO_DATE('1992-08-06', 'YYYY-MM-DD'), 'G', 0, 'Active', 35);

-- Players for COL (Colorado Avalanche)
INSERT INTO Players (playerID, name, team, salary, nationality, birthdate, position, gamesPlayed, status, jerseyNumber)
VALUES (141, 'Lucas Peters', 'COL', 5200000, 'USA', TO_DATE('1997-08-29', 'YYYY-MM-DD'), 'C', 0, 'Active', 18);

INSERT INTO Players (playerID, name, team, salary, nationality, birthdate, position, gamesPlayed, status, jerseyNumber)
VALUES (142, 'Felix Jansson', 'COL', 4400000, 'Sweden', TO_DATE('1996-03-05', 'YYYY-MM-DD'), 'D', 0, 'Active', 6);

INSERT INTO Players (playerID, name, team, salary, nationality, birthdate, position, gamesPlayed, status, jerseyNumber)
VALUES (143, 'Liam O’Connor', 'COL', 4600000, 'USA', TO_DATE('1998-06-13', 'YYYY-MM-DD'), 'RW', 0, 'Active', 21);

INSERT INTO Players (playerID, name, team, salary, nationality, birthdate, position, gamesPlayed, status, jerseyNumber)
VALUES (144, 'Magnus Dahl', 'COL', 4200000, 'Sweden', TO_DATE('1997-04-17', 'YYYY-MM-DD'), 'LW', 0, 'Active', 15);

INSERT INTO Players (playerID, name, team, salary, nationality, birthdate, position, gamesPlayed, status, jerseyNumber)
VALUES (145, 'Henrik Ekman', 'COL', 7100000, 'Sweden', TO_DATE('1991-10-12', 'YYYY-MM-DD'), 'G', 0, 'Active', 30);

-- Players for MIN (Minnesota Wild)
INSERT INTO Players (playerID, name, team, salary, nationality, birthdate, position, gamesPlayed, status, jerseyNumber)
VALUES (146, 'Brady Anderson', 'MIN', 5200000, 'USA', TO_DATE('1998-01-05', 'YYYY-MM-DD'), 'C', 0, 'Active', 22);

INSERT INTO Players (playerID, name, team, salary, nationality, birthdate, position, gamesPlayed, status, jerseyNumber)
VALUES (147, 'Rasmus Nyström', 'MIN', 4400000, 'Sweden', TO_DATE('1997-10-14', 'YYYY-MM-DD'), 'D', 0, 'Active', 5);

INSERT INTO Players (playerID, name, team, salary, nationality, birthdate, position, gamesPlayed, status, jerseyNumber)
VALUES (148, 'Kaden Doyle', 'MIN', 4600000, 'USA', TO_DATE('1997-03-29', 'YYYY-MM-DD'), 'RW', 0, 'Active', 19);

INSERT INTO Players (playerID, name, team, salary, nationality, birthdate, position, gamesPlayed, status, jerseyNumber)
VALUES (149, 'Lars Svensson', 'MIN', 4200000, 'Sweden', TO_DATE('1996-09-06', 'YYYY-MM-DD'), 'LW', 0, 'Active', 14);

INSERT INTO Players (playerID, name, team, salary, nationality, birthdate, position, gamesPlayed, status, jerseyNumber)
VALUES (150, 'Mikko Väisänen', 'MIN', 7200000, 'Finland', TO_DATE('1992-04-13', 'YYYY-MM-DD'), 'G', 0, 'Active', 34);

-- Players for BUF (Buffalo Sabres)
INSERT INTO Players (playerID, name, team, salary, nationality, birthdate, position, gamesPlayed, status, jerseyNumber)
VALUES (151, 'Jacob Wilson', 'BUF', 5100000, 'USA', TO_DATE('1997-06-11', 'YYYY-MM-DD'), 'C', 0, 'Active', 17);

INSERT INTO Players (playerID, name, team, salary, nationality, birthdate, position, gamesPlayed, status, jerseyNumber)
VALUES (152, 'Erik Sundström', 'BUF', 4400000, 'Sweden', TO_DATE('1996-08-23', 'YYYY-MM-DD'), 'D', 0, 'Active', 6);

INSERT INTO Players (playerID, name, team, salary, nationality, birthdate, position, gamesPlayed, status, jerseyNumber)
VALUES (153, 'Tanner Fisher', 'BUF', 4700000, 'USA', TO_DATE('1997-05-04', 'YYYY-MM-DD'), 'RW', 0, 'Active', 25);

INSERT INTO Players (playerID, name, team, salary, nationality, birthdate, position, gamesPlayed, status, jerseyNumber)
VALUES (154, 'Hampus Lund', 'BUF', 4200000, 'Sweden', TO_DATE('1997-12-02', 'YYYY-MM-DD'), 'LW', 0, 'Active', 12);

INSERT INTO Players (playerID, name, team, salary, nationality, birthdate, position, gamesPlayed, status, jerseyNumber)
VALUES (155, 'Jonas Gustavsson', 'BUF', 7100000, 'Sweden', TO_DATE('1992-04-16', 'YYYY-MM-DD'), 'G', 0, 'Active', 35);

-- Players for NJD (New Jersey Devils)
INSERT INTO Players (playerID, name, team, salary, nationality, birthdate, position, gamesPlayed, status, jerseyNumber)
VALUES (156, 'Elliot Simmons', 'NJD', 5100000, 'USA', TO_DATE('1998-01-22', 'YYYY-MM-DD'), 'C', 0, 'Active', 18);

INSERT INTO Players (playerID, name, team, salary, nationality, birthdate, position, gamesPlayed, status, jerseyNumber)
VALUES (157, 'Niklas Bergström', 'NJD', 4400000, 'Sweden', TO_DATE('1997-04-11', 'YYYY-MM-DD'), 'D', 0, 'Active', 8);

INSERT INTO Players (playerID, name, team, salary, nationality, birthdate, position, gamesPlayed, status, jerseyNumber)
VALUES (158, 'Isaac Thomas', 'NJD', 4600000, 'USA', TO_DATE('1997-07-30', 'YYYY-MM-DD'), 'RW', 0, 'Active', 21);

INSERT INTO Players (playerID, name, team, salary, nationality, birthdate, position, gamesPlayed, status, jerseyNumber)
VALUES (159, 'Felix Rask', 'NJD', 4200000, 'Sweden', TO_DATE('1996-02-18', 'YYYY-MM-DD'), 'LW', 0, 'Active', 16);

INSERT INTO Players (playerID, name, team, salary, nationality, birthdate, position, gamesPlayed, status, jerseyNumber)
VALUES (160, 'Alexander Håkansson', 'NJD', 7300000, 'Sweden', TO_DATE('1991-06-21', 'YYYY-MM-DD'), 'G', 0, 'Active', 35);

-- Players for TBL (Tampa Bay Lightning)
INSERT INTO Players (playerID, name, team, salary, nationality, birthdate, position, gamesPlayed, status, jerseyNumber)
VALUES (161, 'Luke Thompson', 'TBL', 5200000, 'USA', TO_DATE('1997-10-14', 'YYYY-MM-DD'), 'C', 0, 'Active', 19);

INSERT INTO Players (playerID, name, team, salary, nationality, birthdate, position, gamesPlayed, status, jerseyNumber)
VALUES (162, 'Oscar Andersson', 'TBL', 4400000, 'Sweden', TO_DATE('1996-11-22', 'YYYY-MM-DD'), 'D', 0, 'Active', 4);

INSERT INTO Players (playerID, name, team, salary, nationality, birthdate, position, gamesPlayed, status, jerseyNumber)
VALUES (163, 'Jared Davis', 'TBL', 4600000, 'USA', TO_DATE('1997-03-10', 'YYYY-MM-DD'), 'RW', 0, 'Active', 22);

INSERT INTO Players (playerID, name, team, salary, nationality, birthdate, position, gamesPlayed, status, jerseyNumber)
VALUES (164, 'Liam Johansson', 'TBL', 4200000, 'Sweden', TO_DATE('1997-05-29', 'YYYY-MM-DD'), 'LW', 0, 'Active', 24);

INSERT INTO Players (playerID, name, team, salary, nationality, birthdate, position, gamesPlayed, status, jerseyNumber)
VALUES (165, 'Oskar Persson', 'TBL', 7100000, 'Sweden', TO_DATE('1991-09-01', 'YYYY-MM-DD'), 'G', 0, 'Active', 31);

-- Players for BOS (Boston Bruins)
INSERT INTO Players (playerID, name, team, salary, nationality, birthdate, position, gamesPlayed, status, jerseyNumber)
VALUES (166, 'Mason Phillips', 'BOS', 5100000, 'USA', TO_DATE('1997-12-01', 'YYYY-MM-DD'), 'C', 0, 'Active', 14);

INSERT INTO Players (playerID, name, team, salary, nationality, birthdate, position, gamesPlayed, status, jerseyNumber)
VALUES (167, 'Samuel Lundqvist', 'BOS', 4400000, 'Sweden', TO_DATE('1996-04-12', 'YYYY-MM-DD'), 'D', 0, 'Active', 5);

INSERT INTO Players (playerID, name, team, salary, nationality, birthdate, position, gamesPlayed, status, jerseyNumber)
VALUES (168, 'Riley Grant', 'BOS', 4600000, 'USA', TO_DATE('1997-11-09', 'YYYY-MM-DD'), 'RW', 0, 'Active', 23);

INSERT INTO Players (playerID, name, team, salary, nationality, birthdate, position, gamesPlayed, status, jerseyNumber)
VALUES (169, 'Viktor Håkansson', 'BOS', 4200000, 'Sweden', TO_DATE('1997-08-27', 'YYYY-MM-DD'), 'LW', 0, 'Active', 20);

INSERT INTO Players (playerID, name, team, salary, nationality, birthdate, position, gamesPlayed, status, jerseyNumber)
VALUES (170, 'Nils Eriksson', 'BOS', 7100000, 'Sweden', TO_DATE('1991-12-09', 'YYYY-MM-DD'), 'G', 0, 'Active', 31);

-- Players for DAL (Dallas Stars)
INSERT INTO Players (playerID, name, team, salary, nationality, birthdate, position, gamesPlayed, status, jerseyNumber)
VALUES (171, 'Ethan Carter', 'DAL', 5200000, 'USA', TO_DATE('1997-06-21', 'YYYY-MM-DD'), 'C', 0, 'Active', 15);

INSERT INTO Players (playerID, name, team, salary, nationality, birthdate, position, gamesPlayed, status, jerseyNumber)
VALUES (172, 'Jonas Östlund', 'DAL', 4400000, 'Sweden', TO_DATE('1996-02-28', 'YYYY-MM-DD'), 'D', 0, 'Active', 7);

INSERT INTO Players (playerID, name, team, salary, nationality, birthdate, position, gamesPlayed, status, jerseyNumber)
VALUES (173, 'Liam Mitchell', 'DAL', 4700000, 'USA', TO_DATE('1997-04-14', 'YYYY-MM-DD'), 'RW', 0, 'Active', 19);

INSERT INTO Players (playerID, name, team, salary, nationality, birthdate, position, gamesPlayed, status, jerseyNumber)
VALUES (174, 'Victor Granström', 'DAL', 4200000, 'Sweden', TO_DATE('1997-01-30', 'YYYY-MM-DD'), 'LW', 0, 'Active', 13);

INSERT INTO Players (playerID, name, team, salary, nationality, birthdate, position, gamesPlayed, status, jerseyNumber)
VALUES (175, 'Kristoffer Jönsson', 'DAL', 7100000, 'Sweden', TO_DATE('1991-11-18', 'YYYY-MM-DD'), 'G', 0, 'Active', 32);

-- Players for WSH (Washington Capitals)
INSERT INTO Players (playerID, name, team, salary, nationality, birthdate, position, gamesPlayed, status, jerseyNumber)
VALUES (176, 'Tyler Montgomery', 'WSH', 5200000, 'USA', TO_DATE('1997-07-10', 'YYYY-MM-DD'), 'C', 0, 'Active', 11);

INSERT INTO Players (playerID, name, team, salary, nationality, birthdate, position, gamesPlayed, status, jerseyNumber)
VALUES (177, 'Jakob Persson', 'WSH', 4400000, 'Sweden', TO_DATE('1996-12-06', 'YYYY-MM-DD'), 'D', 0, 'Active', 5);

INSERT INTO Players (playerID, name, team, salary, nationality, birthdate, position, gamesPlayed, status, jerseyNumber)
VALUES (178, 'Caleb White', 'WSH', 4700000, 'USA', TO_DATE('1997-02-09', 'YYYY-MM-DD'), 'RW', 0, 'Active', 23);

INSERT INTO Players (playerID, name, team, salary, nationality, birthdate, position, gamesPlayed, status, jerseyNumber)
VALUES (179, 'Fredrik Nyberg', 'WSH', 4200000, 'Sweden', TO_DATE('1997-10-12', 'YYYY-MM-DD'), 'LW', 0, 'Active', 17);

INSERT INTO Players (playerID, name, team, salary, nationality, birthdate, position, gamesPlayed, status, jerseyNumber)
VALUES (180, 'Robin Linder', 'WSH', 7300000, 'Sweden', TO_DATE('1991-09-07', 'YYYY-MM-DD'), 'G', 0, 'Active', 33);

-- Players for CGY (Calgary Flames)
INSERT INTO Players (playerID, name, team, salary, nationality, birthdate, position, gamesPlayed, status, jerseyNumber)
VALUES (181, 'Adam Clark', 'CGY', 5200000, 'USA', TO_DATE('1997-11-18', 'YYYY-MM-DD'), 'C', 0, 'Active', 27);

INSERT INTO Players (playerID, name, team, salary, nationality, birthdate, position, gamesPlayed, status, jerseyNumber)
VALUES (182, 'Lucas Jansson', 'CGY', 4400000, 'Sweden', TO_DATE('1996-07-09', 'YYYY-MM-DD'), 'D', 0, 'Active', 24);

INSERT INTO Players (playerID, name, team, salary, nationality, birthdate, position, gamesPlayed, status, jerseyNumber)
VALUES (183, 'William Grant', 'CGY', 4600000, 'USA', TO_DATE('1997-03-30', 'YYYY-MM-DD'), 'RW', 0, 'Active', 19);

INSERT INTO Players (playerID, name, team, salary, nationality, birthdate, position, gamesPlayed, status, jerseyNumber)
VALUES (184, 'Simon Nyström', 'CGY', 4200000, 'Sweden', TO_DATE('1997-02-10', 'YYYY-MM-DD'), 'LW', 0, 'Active', 15);

INSERT INTO Players (playerID, name, team, salary, nationality, birthdate, position, gamesPlayed, status, jerseyNumber)
VALUES (185, 'Oliver Svensson', 'CGY', 4400000, 'Sweden', TO_DATE('1996-12-15', 'YYYY-MM-DD'), 'G', 0, 'Active', 31);

-- Players for VAN (Vancouver Canucks)
INSERT INTO Players (playerID, name, team, salary, nationality, birthdate, position, gamesPlayed, status, jerseyNumber)
VALUES (186, 'Jason Wright', 'VAN', 5100000, 'USA', TO_DATE('1997-08-21', 'YYYY-MM-DD'), 'C', 0, 'Active', 29);

INSERT INTO Players (playerID, name, team, salary, nationality, birthdate, position, gamesPlayed, status, jerseyNumber)
VALUES (187, 'Erik Dahl', 'VAN', 4400000, 'Sweden', TO_DATE('1996-01-22', 'YYYY-MM-DD'), 'D', 0, 'Active', 7);

INSERT INTO Players (playerID, name, team, salary, nationality, birthdate, position, gamesPlayed, status, jerseyNumber)
VALUES (188, 'Tyler Evans', 'VAN', 4600000, 'USA', TO_DATE('1997-05-19', 'YYYY-MM-DD'), 'RW', 0, 'Active', 18);

INSERT INTO Players (playerID, name, team, salary, nationality, birthdate, position, gamesPlayed, status, jerseyNumber)
VALUES (189, 'Oscar Karlsson', 'VAN', 4200000, 'Sweden', TO_DATE('1997-12-11', 'YYYY-MM-DD'), 'LW', 0, 'Active', 14);

INSERT INTO Players (playerID, name, team, salary, nationality, birthdate, position, gamesPlayed, status, jerseyNumber)
VALUES (190, 'Mikael Persson', 'VAN', 7000000, 'Sweden', TO_DATE('1991-11-10', 'YYYY-MM-DD'), 'G', 0, 'Active', 34);

-- Players for OTT (Ottawa Senators)
INSERT INTO Players (playerID, name, team, salary, nationality, birthdate, position, gamesPlayed, status, jerseyNumber)
VALUES (191, 'Nathan Thomas', 'OTT', 5200000, 'USA', TO_DATE('1997-03-13', 'YYYY-MM-DD'), 'C', 0, 'Active', 25);

INSERT INTO Players (playerID, name, team, salary, nationality, birthdate, position, gamesPlayed, status, jerseyNumber)
VALUES (192, 'Fredrik Holmström', 'OTT', 4400000, 'Sweden', TO_DATE('1996-06-29', 'YYYY-MM-DD'), 'D', 0, 'Active', 3);

INSERT INTO Players (playerID, name, team, salary, nationality, birthdate, position, gamesPlayed, status, jerseyNumber)
VALUES (193, 'Zachary Peterson', 'OTT', 4600000, 'USA', TO_DATE('1997-02-05', 'YYYY-MM-DD'), 'RW', 0, 'Active', 17);

INSERT INTO Players (playerID, name, team, salary, nationality, birthdate, position, gamesPlayed, status, jerseyNumber)
VALUES (194, 'Johan Lindqvist', 'OTT', 4200000, 'Sweden', TO_DATE('1997-09-23', 'YYYY-MM-DD'), 'LW', 0, 'Active', 11);

INSERT INTO Players (playerID, name, team, salary, nationality, birthdate, position, gamesPlayed, status, jerseyNumber)
VALUES (195, 'Victor Forsberg', 'OTT', 7100000, 'Sweden', TO_DATE('1991-04-15', 'YYYY-MM-DD'), 'G', 0, 'Active', 30);

-- Players for SJS (San Jose Sharks)
INSERT INTO Players (playerID, name, team, salary, nationality, birthdate, position, gamesPlayed, status, jerseyNumber)
VALUES (196, 'Lucas Davis', 'SJS', 5100000, 'USA', TO_DATE('1997-01-14', 'YYYY-MM-DD'), 'C', 0, 'Active', 21);

INSERT INTO Players (playerID, name, team, salary, nationality, birthdate, position, gamesPlayed, status, jerseyNumber)
VALUES (197, 'Magnus Bäckström', 'SJS', 4400000, 'Sweden', TO_DATE('1996-12-05', 'YYYY-MM-DD'), 'D', 0, 'Active', 8);

INSERT INTO Players (playerID, name, team, salary, nationality, birthdate, position, gamesPlayed, status, jerseyNumber)
VALUES (198, 'Tyler Brooks', 'SJS', 4600000, 'USA', TO_DATE('1997-09-04', 'YYYY-MM-DD'), 'RW', 0, 'Active', 16);

INSERT INTO Players (playerID, name, team, salary, nationality, birthdate, position, gamesPlayed, status, jerseyNumber)
VALUES (199, 'Jonas Nilsson', 'SJS', 4200000, 'Sweden', TO_DATE('1997-03-11', 'YYYY-MM-DD'), 'LW', 0, 'Active', 10);

INSERT INTO Players (playerID, name, team, salary, nationality, birthdate, position, gamesPlayed, status, jerseyNumber)
VALUES (200, 'Fredrik Lindgren', 'SJS', 7000000, 'Sweden', TO_DATE('1991-10-22', 'YYYY-MM-DD'), 'G', 0, 'Active', 31);

-- Players for ARI (Arizona Coyotes)
INSERT INTO Players (playerID, name, team, salary, nationality, birthdate, position, gamesPlayed, status, jerseyNumber)
VALUES (201, 'Jordan Ward', 'ARI', 5100000, 'USA', TO_DATE('1997-05-14', 'YYYY-MM-DD'), 'C', 0, 'Active', 23);

INSERT INTO Players (playerID, name, team, salary, nationality, birthdate, position, gamesPlayed, status, jerseyNumber)
VALUES (202, 'Johan Eriksson', 'ARI', 4400000, 'Sweden', TO_DATE('1996-04-10', 'YYYY-MM-DD'), 'D', 0, 'Active', 4);

INSERT INTO Players (playerID, name, team, salary, nationality, birthdate, position, gamesPlayed, status, jerseyNumber)
VALUES (203, 'Maxwell Johnson', 'ARI', 4600000, 'USA', TO_DATE('1997-01-30', 'YYYY-MM-DD'), 'RW', 0, 'Active', 17);

INSERT INTO Players (playerID, name, team, salary, nationality, birthdate, position, gamesPlayed, status, jerseyNumber)
VALUES (204, 'Filip Jönsson', 'ARI', 4200000, 'Sweden', TO_DATE('1997-10-02', 'YYYY-MM-DD'), 'LW', 0, 'Active', 13);

INSERT INTO Players (playerID, name, team, salary, nationality, birthdate, position, gamesPlayed, status, jerseyNumber)
VALUES (205, 'Anders Holmström', 'ARI', 7100000, 'Sweden', TO_DATE('1990-11-12', 'YYYY-MM-DD'), 'G', 0, 'Active', 30);

-- Players for CAR (Carolina Hurricanes)
INSERT INTO Players (playerID, name, team, salary, nationality, birthdate, position, gamesPlayed, status, jerseyNumber)
VALUES (206, 'Brandon Hughes', 'CAR', 5200000, 'USA', TO_DATE('1997-07-19', 'YYYY-MM-DD'), 'C', 0, 'Active', 24);

INSERT INTO Players (playerID, name, team, salary, nationality, birthdate, position, gamesPlayed, status, jerseyNumber)
VALUES (207, 'Rasmus Fredriksson', 'CAR', 4400000, 'Sweden', TO_DATE('1996-09-06', 'YYYY-MM-DD'), 'D', 0, 'Active', 2);

INSERT INTO Players (playerID, name, team, salary, nationality, birthdate, position, gamesPlayed, status, jerseyNumber)
VALUES (208, 'Jonas Peterson', 'CAR', 4600000, 'USA', TO_DATE('1997-08-30', 'YYYY-MM-DD'), 'RW', 0, 'Active', 22);

INSERT INTO Players (playerID, name, team, salary, nationality, birthdate, position, gamesPlayed, status, jerseyNumber)
VALUES (209, 'Maxim Lind', 'CAR', 4200000, 'Sweden', TO_DATE('1997-05-05', 'YYYY-MM-DD'), 'LW', 0, 'Active', 19);

INSERT INTO Players (playerID, name, team, salary, nationality, birthdate, position, gamesPlayed, status, jerseyNumber)
VALUES (210, 'Mikael Berg', 'CAR', 7100000, 'Sweden', TO_DATE('1991-01-14', 'YYYY-MM-DD'), 'G', 0, 'Active', 33);

-- Players for DET (Detroit Red Wings)
INSERT INTO Players (playerID, name, team, salary, nationality, birthdate, position, gamesPlayed, status, jerseyNumber)
VALUES (211, 'Matthew Allen', 'DET', 5200000, 'USA', TO_DATE('1997-12-18', 'YYYY-MM-DD'), 'C', 0, 'Active', 27);

INSERT INTO Players (playerID, name, team, salary, nationality, birthdate, position, gamesPlayed, status, jerseyNumber)
VALUES (212, 'Erik Gustafsson', 'DET', 4400000, 'Sweden', TO_DATE('1996-06-15', 'YYYY-MM-DD'), 'D', 0, 'Active', 7);

INSERT INTO Players (playerID, name, team, salary, nationality, birthdate, position, gamesPlayed, status, jerseyNumber)
VALUES (213, 'Brandon Foster', 'DET', 4600000, 'USA', TO_DATE('1997-09-25', 'YYYY-MM-DD'), 'RW', 0, 'Active', 14);

INSERT INTO Players (playerID, name, team, salary, nationality, birthdate, position, gamesPlayed, status, jerseyNumber)
VALUES (214, 'Jakob Larsson', 'DET', 4200000, 'Sweden', TO_DATE('1997-11-09', 'YYYY-MM-DD'), 'LW', 0, 'Active', 10);

INSERT INTO Players (playerID, name, team, salary, nationality, birthdate, position, gamesPlayed, status, jerseyNumber)
VALUES (215, 'Adam Norberg', 'DET', 7100000, 'Sweden', TO_DATE('1991-04-21', 'YYYY-MM-DD'), 'G', 0, 'Active', 33);

-- Players for NJD (New Jersey Devils)
INSERT INTO Players (playerID, name, team, salary, nationality, birthdate, position, gamesPlayed, status, jerseyNumber)
VALUES (216, 'Jacob Carter', 'NJD', 5200000, 'USA', TO_DATE('1997-06-05', 'YYYY-MM-DD'), 'C', 0, 'Active', 26);

INSERT INTO Players (playerID, name, team, salary, nationality, birthdate, position, gamesPlayed, status, jerseyNumber)
VALUES (217, 'Oskar Holm', 'NJD', 4400000, 'Sweden', TO_DATE('1996-10-18', 'YYYY-MM-DD'), 'D', 0, 'Active', 6);

INSERT INTO Players (playerID, name, team, salary, nationality, birthdate, position, gamesPlayed, status, jerseyNumber)
VALUES (218, 'Kyle Thompson', 'NJD', 4600000, 'USA', TO_DATE('1997-02-20', 'YYYY-MM-DD'), 'RW', 0, 'Active', 21);

INSERT INTO Players (playerID, name, team, salary, nationality, birthdate, position, gamesPlayed, status, jerseyNumber)
VALUES (219, 'Filip Karlsson', 'NJD', 4200000, 'Sweden', TO_DATE('1997-04-10', 'YYYY-MM-DD'), 'LW', 0, 'Active', 11);

INSERT INTO Players (playerID, name, team, salary, nationality, birthdate, position, gamesPlayed, status, jerseyNumber)
VALUES (220, 'Henrik Mårtensson', 'NJD', 7100000, 'Sweden', TO_DATE('1990-03-15', 'YYYY-MM-DD'), 'G', 0, 'Active', 35);

-- Players for EDM (Edmonton Oilers)
INSERT INTO Players (playerID, name, team, salary, nationality, birthdate, position, gamesPlayed, status, jerseyNumber)
VALUES (221, 'David Miller', 'EDM', 5100000, 'USA', TO_DATE('1997-02-17', 'YYYY-MM-DD'), 'C', 0, 'Active', 28);

INSERT INTO Players (playerID, name, team, salary, nationality, birthdate, position, gamesPlayed, status, jerseyNumber)
VALUES (222, 'Patrik Sjöberg', 'EDM', 4400000, 'Sweden', TO_DATE('1996-11-13', 'YYYY-MM-DD'), 'D', 0, 'Active', 5);

INSERT INTO Players (playerID, name, team, salary, nationality, birthdate, position, gamesPlayed, status, jerseyNumber)
VALUES (223, 'Logan Bennett', 'EDM', 4600000, 'USA', TO_DATE('1997-04-30', 'YYYY-MM-DD'), 'RW', 0, 'Active', 15);

INSERT INTO Players (playerID, name, team, salary, nationality, birthdate, position, gamesPlayed, status, jerseyNumber)
VALUES (224, 'Johan Sjöström', 'EDM', 4200000, 'Sweden', TO_DATE('1997-09-17', 'YYYY-MM-DD'), 'LW', 0, 'Active', 10);

INSERT INTO Players (playerID, name, team, salary, nationality, birthdate, position, gamesPlayed, status, jerseyNumber)
VALUES (225, 'Anders Nilsson', 'EDM', 7100000, 'Sweden', TO_DATE('1990-09-14', 'YYYY-MM-DD'), 'G', 0, 'Active', 40);

-- Players for LAK (Los Angeles Kings)
INSERT INTO Players (playerID, name, team, salary, nationality, birthdate, position, gamesPlayed, status, jerseyNumber)
VALUES (226, 'Michael Cooper', 'LAK', 5100000, 'USA', TO_DATE('1997-01-06', 'YYYY-MM-DD'), 'C', 0, 'Active', 19);

INSERT INTO Players (playerID, name, team, salary, nationality, birthdate, position, gamesPlayed, status, jerseyNumber)
VALUES (227, 'Erik Persson', 'LAK', 4400000, 'Sweden', TO_DATE('1996-03-22', 'YYYY-MM-DD'), 'D', 0, 'Active', 4);

INSERT INTO Players (playerID, name, team, salary, nationality, birthdate, position, gamesPlayed, status, jerseyNumber)
VALUES (228, 'Tyler Graham', 'LAK', 4600000, 'USA', TO_DATE('1997-06-27', 'YYYY-MM-DD'), 'RW', 0, 'Active', 12);

INSERT INTO Players (playerID, name, team, salary, nationality, birthdate, position, gamesPlayed, status, jerseyNumber)
VALUES (229, 'Filip Olsson', 'LAK', 4200000, 'Sweden', TO_DATE('1997-04-03', 'YYYY-MM-DD'), 'LW', 0, 'Active', 7);

INSERT INTO Players (playerID, name, team, salary, nationality, birthdate, position, gamesPlayed, status, jerseyNumber)
VALUES (230, 'Andreas Dahlström', 'LAK', 7100000, 'Sweden', TO_DATE('1991-01-28', 'YYYY-MM-DD'), 'G', 0, 'Active', 31);

-- Players for NYR (New York Rangers)
INSERT INTO Players (playerID, name, team, salary, nationality, birthdate, position, gamesPlayed, status, jerseyNumber)
VALUES (231, 'Ryan Walker', 'NYR', 5200000, 'USA', TO_DATE('1997-11-25', 'YYYY-MM-DD'), 'C', 0, 'Active', 24);

INSERT INTO Players (playerID, name, team, salary, nationality, birthdate, position, gamesPlayed, status, jerseyNumber)
VALUES (232, 'Alexander Lindholm', 'NYR', 4400000, 'Sweden', TO_DATE('1996-06-20', 'YYYY-MM-DD'), 'D', 0, 'Active', 2);

INSERT INTO Players (playerID, name, team, salary, nationality, birthdate, position, gamesPlayed, status, jerseyNumber)
VALUES (233, 'Ethan Carter', 'NYR', 4600000, 'USA', TO_DATE('1997-08-12', 'YYYY-MM-DD'), 'RW', 0, 'Active', 19);

INSERT INTO Players (playerID, name, team, salary, nationality, birthdate, position, gamesPlayed, status, jerseyNumber)
VALUES (234, 'Sebastian Johansson', 'NYR', 4200000, 'Sweden', TO_DATE('1997-07-23', 'YYYY-MM-DD'), 'LW', 0, 'Active', 14);

INSERT INTO Players (playerID, name, team, salary, nationality, birthdate, position, gamesPlayed, status, jerseyNumber)
VALUES (235, 'Marcus Andersson', 'NYR', 7100000, 'Sweden', TO_DATE('1990-12-05', 'YYYY-MM-DD'), 'G', 0, 'Active', 35);

-- Players for PIT (Pittsburgh Penguins)
INSERT INTO Players (playerID, name, team, salary, nationality, birthdate, position, gamesPlayed, status, jerseyNumber)
VALUES (236, 'John Baker', 'PIT', 5100000, 'USA', TO_DATE('1997-01-22', 'YYYY-MM-DD'), 'C', 0, 'Active', 27);

INSERT INTO Players (playerID, name, team, salary, nationality, birthdate, position, gamesPlayed, status, jerseyNumber)
VALUES (237, 'Oscar Andersson', 'PIT', 4400000, 'Sweden', TO_DATE('1996-11-05', 'YYYY-MM-DD'), 'D', 0, 'Active', 8);

INSERT INTO Players (playerID, name, team, salary, nationality, birthdate, position, gamesPlayed, status, jerseyNumber)
VALUES (238, 'Blake Montgomery', 'PIT', 4600000, 'USA', TO_DATE('1997-03-16', 'YYYY-MM-DD'), 'RW', 0, 'Active', 18);

INSERT INTO Players (playerID, name, team, salary, nationality, birthdate, position, gamesPlayed, status, jerseyNumber)
VALUES (239, 'Adam Karlsson', 'PIT', 4200000, 'Sweden', TO_DATE('1997-08-09', 'YYYY-MM-DD'), 'LW', 0, 'Active', 13);

INSERT INTO Players (playerID, name, team, salary, nationality, birthdate, position, gamesPlayed, status, jerseyNumber)
VALUES (240, 'Jonas Gustavsson', 'PIT', 7100000, 'Sweden', TO_DATE('1990-06-25', 'YYYY-MM-DD'), 'G', 0, 'Active', 32);

-- Players for SEA (Seattle Kraken)
INSERT INTO Players (playerID, name, team, salary, nationality, birthdate, position, gamesPlayed, status, jerseyNumber)
VALUES (241, 'Cameron Miller', 'SEA', 5100000, 'USA', TO_DATE('1997-01-11', 'YYYY-MM-DD'), 'C', 0, 'Active', 29);

INSERT INTO Players (playerID, name, team, salary, nationality, birthdate, position, gamesPlayed, status, jerseyNumber)
VALUES (242, 'Johan Lindström', 'SEA', 4400000, 'Sweden', TO_DATE('1996-05-22', 'YYYY-MM-DD'), 'D', 0, 'Active', 4);

INSERT INTO Players (playerID, name, team, salary, nationality, birthdate, position, gamesPlayed, status, jerseyNumber)
VALUES (243, 'Matthew Reed', 'SEA', 4600000, 'USA', TO_DATE('1997-02-01', 'YYYY-MM-DD'), 'RW', 0, 'Active', 21);

INSERT INTO Players (playerID, name, team, salary, nationality, birthdate, position, gamesPlayed, status, jerseyNumber)
VALUES (244, 'Victor Forsberg', 'SEA', 4200000, 'Sweden', TO_DATE('1997-09-06', 'YYYY-MM-DD'), 'LW', 0, 'Active', 19);

INSERT INTO Players (playerID, name, team, salary, nationality, birthdate, position, gamesPlayed, status, jerseyNumber)
VALUES (245, 'Oscar Nordström', 'SEA', 7100000, 'Sweden', TO_DATE('1990-07-14', 'YYYY-MM-DD'), 'G', 0, 'Active', 33);

-- Players for WPG (Winnipeg Jets)
INSERT INTO Players (playerID, name, team, salary, nationality, birthdate, position, gamesPlayed, status, jerseyNumber)
VALUES (246, 'Tyler Davis', 'WPG', 5100000, 'USA', TO_DATE('1997-05-05', 'YYYY-MM-DD'), 'C', 0, 'Active', 23);

INSERT INTO Players (playerID, name, team, salary, nationality, birthdate, position, gamesPlayed, status, jerseyNumber)
VALUES (247, 'Henrik Johansson', 'WPG', 4400000, 'Sweden', TO_DATE('1996-12-02', 'YYYY-MM-DD'), 'D', 0, 'Active', 7);

INSERT INTO Players (playerID, name, team, salary, nationality, birthdate, position, gamesPlayed, status, jerseyNumber)
VALUES (248, 'Zachary Brooks', 'WPG', 4600000, 'USA', TO_DATE('1997-08-21', 'YYYY-MM-DD'), 'RW', 0, 'Active', 16);

INSERT INTO Players (playerID, name, team, salary, nationality, birthdate, position, gamesPlayed, status, jerseyNumber)
VALUES (249, 'Oskar Berglund', 'WPG', 4200000, 'Sweden', TO_DATE('1997-04-29', 'YYYY-MM-DD'), 'LW', 0, 'Active', 11);

INSERT INTO Players (playerID, name, team, salary, nationality, birthdate, position, gamesPlayed, status, jerseyNumber)
VALUES (250, 'Simon Larsson', 'WPG', 7100000, 'Sweden', TO_DATE('1990-01-14', 'YYYY-MM-DD'), 'G', 0, 'Active', 30);

-- Players for NYI (New York Islanders)
INSERT INTO Players (playerID, name, team, salary, nationality, birthdate, position, gamesPlayed, status, jerseyNumber)
VALUES (251, 'Ryan Smith', 'NYI', 5200000, 'USA', TO_DATE('1997-04-18', 'YYYY-MM-DD'), 'C', 0, 'Active', 21);

INSERT INTO Players (playerID, name, team, salary, nationality, birthdate, position, gamesPlayed, status, jerseyNumber)
VALUES (252, 'Anton Nilsson', 'NYI', 4400000, 'Sweden', TO_DATE('1996-03-30', 'YYYY-MM-DD'), 'D', 0, 'Active', 2);

INSERT INTO Players (playerID, name, team, salary, nationality, birthdate, position, gamesPlayed, status, jerseyNumber)
VALUES (253, 'Blake Simpson', 'NYI', 4600000, 'USA', TO_DATE('1997-08-08', 'YYYY-MM-DD'), 'RW', 0, 'Active', 19);

INSERT INTO Players (playerID, name, team, salary, nationality, birthdate, position, gamesPlayed, status, jerseyNumber)
VALUES (254, 'Sebastian Lundqvist', 'NYI', 4200000, 'Sweden', TO_DATE('1997-07-19', 'YYYY-MM-DD'), 'LW', 0, 'Active', 12);

INSERT INTO Players (playerID, name, team, salary, nationality, birthdate, position, gamesPlayed, status, jerseyNumber)
VALUES (255, 'Lars Olsson', 'NYI', 7100000, 'Sweden', TO_DATE('1990-03-10', 'YYYY-MM-DD'), 'G', 0, 'Active', 34);

-- Players for BOS (Boston Bruins)
INSERT INTO Players (playerID, name, team, salary, nationality, birthdate, position, gamesPlayed, status, jerseyNumber)
VALUES (256, 'Tomas Carlson', 'BOS', 5100000, 'Sweden', TO_DATE('1997-02-11', 'YYYY-MM-DD'), 'C', 0, 'Active', 28);

INSERT INTO Players (playerID, name, team, salary, nationality, birthdate, position, gamesPlayed, status, jerseyNumber)
VALUES (257, 'John Murphy', 'BOS', 4300000, 'USA', TO_DATE('1997-09-20', 'YYYY-MM-DD'), 'D', 0, 'Active', 5);

INSERT INTO Players (playerID, name, team, salary, nationality, birthdate, position, gamesPlayed, status, jerseyNumber)
VALUES (258, 'Adam Brodeur', 'BOS', 4600000, 'Canada', TO_DATE('1997-01-01', 'YYYY-MM-DD'), 'RW', 0, 'Active', 24);

INSERT INTO Players (playerID, name, team, salary, nationality, birthdate, position, gamesPlayed, status, jerseyNumber)
VALUES (259, 'Victor Johansson', 'BOS', 4200000, 'Sweden', TO_DATE('1997-05-15', 'YYYY-MM-DD'), 'LW', 0, 'Active', 15);

INSERT INTO Players (playerID, name, team, salary, nationality, birthdate, position, gamesPlayed, status, jerseyNumber)
VALUES (260, 'Oliver Jacobsson', 'BOS', 7200000, 'Sweden', TO_DATE('1990-09-12', 'YYYY-MM-DD'), 'G', 0, 'Active', 31);

-- Players for VGK (Vegas Golden Knights)
INSERT INTO Players (playerID, name, team, salary, nationality, birthdate, position, gamesPlayed, status, jerseyNumber)
VALUES (261, 'Maxime Leroux', 'VGK', 5100000, 'Canada', TO_DATE('1997-03-14', 'YYYY-MM-DD'), 'C', 0, 'Active', 27);

INSERT INTO Players (playerID, name, team, salary, nationality, birthdate, position, gamesPlayed, status, jerseyNumber)
VALUES (262, 'Jonathan Roy', 'VGK', 4400000, 'France', TO_DATE('1996-10-21', 'YYYY-MM-DD'), 'D', 0, 'Active', 8);

INSERT INTO Players (playerID, name, team, salary, nationality, birthdate, position, gamesPlayed, status, jerseyNumber)
VALUES (263, 'Sven Lang', 'VGK', 4600000, 'Germany', TO_DATE('1997-02-03', 'YYYY-MM-DD'), 'RW', 0, 'Active', 19);

INSERT INTO Players (playerID, name, team, salary, nationality, birthdate, position, gamesPlayed, status, jerseyNumber)
VALUES (264, 'Mathias Lundgren', 'VGK', 4200000, 'Sweden', TO_DATE('1997-07-22', 'YYYY-MM-DD'), 'LW', 0, 'Active', 14);

INSERT INTO Players (playerID, name, team, salary, nationality, birthdate, position, gamesPlayed, status, jerseyNumber)
VALUES (265, 'Marcus Hansson', 'VGK', 7100000, 'Sweden', TO_DATE('1990-12-05', 'YYYY-MM-DD'), 'G', 0, 'Active', 33);

-- Players for CHI (Chicago Blackhawks)
INSERT INTO Players (playerID, name, team, salary, nationality, birthdate, position, gamesPlayed, status, jerseyNumber)
VALUES (266, 'Matthew Olsson', 'CHI', 5100000, 'USA', TO_DATE('1997-05-10', 'YYYY-MM-DD'), 'C', 0, 'Active', 29);

INSERT INTO Players (playerID, name, team, salary, nationality, birthdate, position, gamesPlayed, status, jerseyNumber)
VALUES (267, 'Olof Karlsson', 'CHI', 4400000, 'Sweden', TO_DATE('1996-09-08', 'YYYY-MM-DD'), 'D', 0, 'Active', 6);

INSERT INTO Players (playerID, name, team, salary, nationality, birthdate, position, gamesPlayed, status, jerseyNumber)
VALUES (268, 'Tyler Brooks', 'CHI', 4600000, 'USA', TO_DATE('1997-06-18', 'YYYY-MM-DD'), 'RW', 0, 'Active', 17);

INSERT INTO Players (playerID, name, team, salary, nationality, birthdate, position, gamesPlayed, status, jerseyNumber)
VALUES (269, 'Jesper Hansson', 'CHI', 4200000, 'Sweden', TO_DATE('1997-10-25', 'YYYY-MM-DD'), 'LW', 0, 'Active', 20);

INSERT INTO Players (playerID, name, team, salary, nationality, birthdate, position, gamesPlayed, status, jerseyNumber)
VALUES (270, 'Johan Friberg', 'CHI', 7100000, 'Sweden', TO_DATE('1990-05-12', 'YYYY-MM-DD'), 'G', 0, 'Active', 34);

-- Players for MTL (Montreal Canadiens)
INSERT INTO Players (playerID, name, team, salary, nationality, birthdate, position, gamesPlayed, status, jerseyNumber)
VALUES (271, 'Leonard Dubois', 'MTL', 5100000, 'Canada', TO_DATE('1997-04-22', 'YYYY-MM-DD'), 'C', 0, 'Active', 19);

INSERT INTO Players (playerID, name, team, salary, nationality, birthdate, position, gamesPlayed, status, jerseyNumber)
VALUES (272, 'Hampus Ericsson', 'MTL', 4400000, 'Sweden', TO_DATE('1996-11-12', 'YYYY-MM-DD'), 'D', 0, 'Active', 4);

INSERT INTO Players (playerID, name, team, salary, nationality, birthdate, position, gamesPlayed, status, jerseyNumber)
VALUES (273, 'Matthew Clark', 'MTL', 4600000, 'Canada', TO_DATE('1997-07-25', 'YYYY-MM-DD'), 'RW', 0, 'Active', 21);

INSERT INTO Players (playerID, name, team, salary, nationality, birthdate, position, gamesPlayed, status, jerseyNumber)
VALUES (274, 'Sebastian Johansson', 'MTL', 4200000, 'Sweden', TO_DATE('1997-02-18', 'YYYY-MM-DD'), 'LW', 0, 'Active', 12);

INSERT INTO Players (playerID, name, team, salary, nationality, birthdate, position, gamesPlayed, status, jerseyNumber)
VALUES (275, 'Axel Jonsson', 'MTL', 7100000, 'Sweden', TO_DATE('1990-04-05', 'YYYY-MM-DD'), 'G', 0, 'Active', 35);

-- Players for DAL (Dallas Stars)
INSERT INTO Players (playerID, name, team, salary, nationality, birthdate, position, gamesPlayed, status, jerseyNumber)
VALUES (276, 'Luke Walker', 'DAL', 5100000, 'USA', TO_DATE('1997-01-30', 'YYYY-MM-DD'), 'C', 0, 'Active', 19);

INSERT INTO Players (playerID, name, team, salary, nationality, birthdate, position, gamesPlayed, status, jerseyNumber)
VALUES (277, 'Marcus Bäckström', 'DAL', 4400000, 'Sweden', TO_DATE('1996-08-20', 'YYYY-MM-DD'), 'D', 0, 'Active', 6);

INSERT INTO Players (playerID, name, team, salary, nationality, birthdate, position, gamesPlayed, status, jerseyNumber)
VALUES (278, 'Nate Rogers', 'DAL', 4600000, 'USA', TO_DATE('1997-03-01', 'YYYY-MM-DD'), 'RW', 0, 'Active', 22);

INSERT INTO Players (playerID, name, team, salary, nationality, birthdate, position, gamesPlayed, status, jerseyNumber)
VALUES (279, 'Oscar Östberg', 'DAL', 4200000, 'Sweden', TO_DATE('1997-12-03', 'YYYY-MM-DD'), 'LW', 0, 'Active', 14);

INSERT INTO Players (playerID, name, team, salary, nationality, birthdate, position, gamesPlayed, status, jerseyNumber)
VALUES (280, 'Erik Andersson', 'DAL', 7100000, 'Sweden', TO_DATE('1990-01-09', 'YYYY-MM-DD'), 'G', 0, 'Active', 31);

-- Players for FLA (Florida Panthers)
INSERT INTO Players (playerID, name, team, salary, nationality, birthdate, position, gamesPlayed, status, jerseyNumber)
VALUES (281, 'Kyle Morrow', 'FLA', 5100000, 'USA', TO_DATE('1997-08-10', 'YYYY-MM-DD'), 'C', 0, 'Active', 26);

INSERT INTO Players (playerID, name, team, salary, nationality, birthdate, position, gamesPlayed, status, jerseyNumber)
VALUES (282, 'Sebastian Nilsson', 'FLA', 4400000, 'Sweden', TO_DATE('1996-12-12', 'YYYY-MM-DD'), 'D', 0, 'Active', 4);

INSERT INTO Players (playerID, name, team, salary, nationality, birthdate, position, gamesPlayed, status, jerseyNumber)
VALUES (283, 'Jack Brooks', 'FLA', 4600000, 'USA', TO_DATE('1997-04-07', 'YYYY-MM-DD'), 'RW', 0, 'Active', 19);

INSERT INTO Players (playerID, name, team, salary, nationality, birthdate, position, gamesPlayed, status, jerseyNumber)
VALUES (284, 'Erik Hansson', 'FLA', 4200000, 'Sweden', TO_DATE('1997-09-25', 'YYYY-MM-DD'), 'LW', 0, 'Active', 18);

INSERT INTO Players (playerID, name, team, salary, nationality, birthdate, position, gamesPlayed, status, jerseyNumber)
VALUES (285, 'Simon Ahlberg', 'FLA', 7100000, 'Sweden', TO_DATE('1990-02-17', 'YYYY-MM-DD'), 'G', 0, 'Active', 31);

-- Players for WSH (Washington Capitals)
INSERT INTO Players (playerID, name, team, salary, nationality, birthdate, position, gamesPlayed, status, jerseyNumber)
VALUES (286, 'Zachary Evans', 'WSH', 5100000, 'USA', TO_DATE('1997-11-30', 'YYYY-MM-DD'), 'C', 0, 'Active', 21);

INSERT INTO Players (playerID, name, team, salary, nationality, birthdate, position, gamesPlayed, status, jerseyNumber)
VALUES (287, 'Kasper Johansson', 'WSH', 4400000, 'Sweden', TO_DATE('1996-03-14', 'YYYY-MM-DD'), 'D', 0, 'Active', 2);

INSERT INTO Players (playerID, name, team, salary, nationality, birthdate, position, gamesPlayed, status, jerseyNumber)
VALUES (288, 'Tyler Wood', 'WSH', 4600000, 'USA', TO_DATE('1997-06-05', 'YYYY-MM-DD'), 'RW', 0, 'Active', 23);

INSERT INTO Players (playerID, name, team, salary, nationality, birthdate, position, gamesPlayed, status, jerseyNumber)
VALUES (289, 'Fredrik Lindholm', 'WSH', 4200000, 'Sweden', TO_DATE('1997-12-11', 'YYYY-MM-DD'), 'LW', 0, 'Active', 11);

INSERT INTO Players (playerID, name, team, salary, nationality, birthdate, position, gamesPlayed, status, jerseyNumber)
VALUES (290, 'Oskar Lindgren', 'WSH', 7100000, 'Sweden', TO_DATE('1990-03-18', 'YYYY-MM-DD'), 'G', 0, 'Active', 35);

-- Players for NYI (New York Islanders)
INSERT INTO Players (playerID, name, team, salary, nationality, birthdate, position, gamesPlayed, status, jerseyNumber)
VALUES (291, 'Victor Asplund', 'NYI', 5100000, 'Sweden', TO_DATE('1997-01-03', 'YYYY-MM-DD'), 'C', 0, 'Active', 29);

INSERT INTO Players (playerID, name, team, salary, nationality, birthdate, position, gamesPlayed, status, jerseyNumber)
VALUES (292, 'Noah Lindqvist', 'NYI', 4400000, 'Sweden', TO_DATE('1996-10-15', 'YYYY-MM-DD'), 'D', 0, 'Active', 5);

INSERT INTO Players (playerID, name, team, salary, nationality, birthdate, position, gamesPlayed, status, jerseyNumber)
VALUES (293, 'Brandon Matthews', 'NYI', 4600000, 'USA', TO_DATE('1997-03-11', 'YYYY-MM-DD'), 'RW', 0, 'Active', 19);

INSERT INTO Players (playerID, name, team, salary, nationality, birthdate, position, gamesPlayed, status, jerseyNumber)
VALUES (294, 'Linus Andersson', 'NYI', 4200000, 'Sweden', TO_DATE('1997-07-01', 'YYYY-MM-DD'), 'LW', 0, 'Active', 14);

INSERT INTO Players (playerID, name, team, salary, nationality, birthdate, position, gamesPlayed, status, jerseyNumber)
VALUES (295, 'Mikael Åberg', 'NYI', 7100000, 'Sweden', TO_DATE('1990-05-06', 'YYYY-MM-DD'), 'G', 0, 'Active', 33);

-- Players for ANA (Anaheim Ducks)
INSERT INTO Players (playerID, name, team, salary, nationality, birthdate, position, gamesPlayed, status, jerseyNumber)
VALUES (296, 'Oscar Lindberg', 'ANA', 5100000, 'Sweden', TO_DATE('1997-08-29', 'YYYY-MM-DD'), 'C', 0, 'Active', 25);

INSERT INTO Players (playerID, name, team, salary, nationality, birthdate, position, gamesPlayed, status, jerseyNumber)
VALUES (297, 'Lucas Gustavsson', 'ANA', 4400000, 'Sweden', TO_DATE('1996-12-06', 'YYYY-MM-DD'), 'D', 0, 'Active', 8);

INSERT INTO Players (playerID, name, team, salary, nationality, birthdate, position, gamesPlayed, status, jerseyNumber)
VALUES (298, 'Cole Hartman', 'ANA', 4600000, 'USA', TO_DATE('1997-04-03', 'YYYY-MM-DD'), 'RW', 0, 'Active', 22);

INSERT INTO Players (playerID, name, team, salary, nationality, birthdate, position, gamesPlayed, status, jerseyNumber)
VALUES (299, 'Hugo Dahlberg', 'ANA', 4200000, 'Sweden', TO_DATE('1997-11-25', 'YYYY-MM-DD'), 'LW', 0, 'Active', 18);

INSERT INTO Players (playerID, name, team, salary, nationality, birthdate, position, gamesPlayed, status, jerseyNumber)
VALUES (300, 'Erik Gustavsson', 'ANA', 7100000, 'Sweden', TO_DATE('1990-06-10', 'YYYY-MM-DD'), 'G', 0, 'Active', 30);

-- Players for BOS (Boston Bruins)
INSERT INTO Players (playerID, name, team, salary, nationality, birthdate, position, gamesPlayed, status, jerseyNumber)
VALUES (301, 'Henry Karlsson', 'BOS', 5100000, 'Sweden', TO_DATE('1997-02-04', 'YYYY-MM-DD'), 'C', 0, 'Active', 27);

INSERT INTO Players (playerID, name, team, salary, nationality, birthdate, position, gamesPlayed, status, jerseyNumber)
VALUES (302, 'Jacob Andersson', 'BOS', 4400000, 'Sweden', TO_DATE('1996-04-09', 'YYYY-MM-DD'), 'D', 0, 'Active', 7);

INSERT INTO Players (playerID, name, team, salary, nationality, birthdate, position, gamesPlayed, status, jerseyNumber)
VALUES (303, 'Matthew Olofsson', 'BOS', 4600000, 'Sweden', TO_DATE('1997-01-21', 'YYYY-MM-DD'), 'RW', 0, 'Active', 19);

INSERT INTO Players (playerID, name, team, salary, nationality, birthdate, position, gamesPlayed, status, jerseyNumber)
VALUES (304, 'Jakob Jensen', 'BOS', 4200000, 'Sweden', TO_DATE('1997-05-19', 'YYYY-MM-DD'), 'LW', 0, 'Active', 10);

INSERT INTO Players (playerID, name, team, salary, nationality, birthdate, position, gamesPlayed, status, jerseyNumber)
VALUES (305, 'Simon Friberg', 'BOS', 7100000, 'Sweden', TO_DATE('1990-01-14', 'YYYY-MM-DD'), 'G', 0, 'Active', 34);

-- Goalies for various teams (added goalies to teams with fewer than 3 goalies)
-- For BUF (Buffalo Sabres)
INSERT INTO Players (playerID, name, team, salary, nationality, birthdate, position, gamesPlayed, status, jerseyNumber)
VALUES (306, 'Jacob Peterson', 'BUF', 7100000, 'Sweden', TO_DATE('1990-07-14', 'YYYY-MM-DD'), 'G', 0, 'Active', 31);

-- For COL (Colorado Avalanche)
INSERT INTO Players (playerID, name, team, salary, nationality, birthdate, position, gamesPlayed, status, jerseyNumber)
VALUES (307, 'Mikael Pettersson', 'COL', 7100000, 'Sweden', TO_DATE('1990-01-05', 'YYYY-MM-DD'), 'G', 0, 'Active', 32);

-- For CAR (Carolina Hurricanes)
INSERT INTO Players (playerID, name, team, salary, nationality, birthdate, position, gamesPlayed, status, jerseyNumber)
VALUES (308, 'Oskar Dahl', 'CAR', 7100000, 'Sweden', TO_DATE('1991-02-23', 'YYYY-MM-DD'), 'G', 0, 'Active', 34);

-- For DET (Detroit Red Wings)
INSERT INTO Players (playerID, name, team, salary, nationality, birthdate, position, gamesPlayed, status, jerseyNumber)
VALUES (309, 'Victor Andersson', 'DET', 7100000, 'Sweden', TO_DATE('1991-03-02', 'YYYY-MM-DD'), 'G', 0, 'Active', 33);

-- For EDM (Edmonton Oilers)
INSERT INTO Players (playerID, name, team, salary, nationality, birthdate, position, gamesPlayed, status, jerseyNumber)
VALUES (310, 'Linus Sandström', 'EDM', 7100000, 'Sweden', TO_DATE('1990-06-18', 'YYYY-MM-DD'), 'G', 0, 'Active', 30);

-- For LAK (Los Angeles Kings)
INSERT INTO Players (playerID, name, team, salary, nationality, birthdate, position, gamesPlayed, status, jerseyNumber)
VALUES (311, 'Filip Gustafsson', 'LAK', 7100000, 'Sweden', TO_DATE('1991-08-10', 'YYYY-MM-DD'), 'G', 0, 'Active', 32);

-- For PIT (Pittsburgh Penguins)
INSERT INTO Players (playerID, name, team, salary, nationality, birthdate, position, gamesPlayed, status, jerseyNumber)
VALUES (312, 'Simon Eriksson', 'PIT', 7100000, 'Sweden', TO_DATE('1990-04-12', 'YYYY-MM-DD'), 'G', 0, 'Active', 35);

-- For NYI (New York Islanders)
INSERT INTO Players (playerID, name, team, salary, nationality, birthdate, position, gamesPlayed, status, jerseyNumber)
VALUES (313, 'Linus Lindqvist', 'NYI', 7100000, 'Sweden', TO_DATE('1990-11-21', 'YYYY-MM-DD'), 'G', 0, 'Active', 30);

-- For DAL (Dallas Stars)
INSERT INTO Players (playerID, name, team, salary, nationality, birthdate, position, gamesPlayed, status, jerseyNumber)
VALUES (314, 'Henrik Lilja', 'DAL', 7100000, 'Sweden', TO_DATE('1990-09-09', 'YYYY-MM-DD'), 'G', 0, 'Active', 31);

-- For FLA (Florida Panthers)
INSERT INTO Players (playerID, name, team, salary, nationality, birthdate, position, gamesPlayed, status, jerseyNumber)
VALUES (315, 'Fredrik Hjalmarsson', 'FLA', 7100000, 'Sweden', TO_DATE('1990-02-16', 'YYYY-MM-DD'), 'G', 0, 'Active', 35);

-- For WSH (Washington Capitals)
INSERT INTO Players (playerID, name, team, salary, nationality, birthdate, position, gamesPlayed, status, jerseyNumber)
VALUES (316, 'Joel Persson', 'WSH', 7100000, 'Sweden', TO_DATE('1990-12-25', 'YYYY-MM-DD'), 'G', 0, 'Active', 34);

-- For NYR (New York Rangers)
INSERT INTO Players (playerID, name, team, salary, nationality, birthdate, position, gamesPlayed, status, jerseyNumber)
VALUES (317, 'Adam Malmberg', 'NYR', 7100000, 'Sweden', TO_DATE('1990-04-01', 'YYYY-MM-DD'), 'G', 0, 'Active', 33);

-- For SEA (Seattle Kraken)
INSERT INTO Players (playerID, name, team, salary, nationality, birthdate, position, gamesPlayed, status, jerseyNumber)
VALUES (318, 'Daniel Johansson', 'SEA', 7100000, 'Sweden', TO_DATE('1990-08-22', 'YYYY-MM-DD'), 'G', 0, 'Active', 35);

-- For BUF (Buffalo Sabres) Adding additional skaters
INSERT INTO Players (playerID, name, team, salary, nationality, birthdate, position, gamesPlayed, status, jerseyNumber)
VALUES (319, 'Jake Wilson', 'BUF', 4500000, 'USA', TO_DATE('1997-05-02', 'YYYY-MM-DD'), 'C', 0, 'Active', 23);

-- For VAN (Vancouver Canucks) Adding additional skaters
INSERT INTO Players (playerID, name, team, salary, nationality, birthdate, position, gamesPlayed, status, jerseyNumber)
VALUES (320, 'Tyler Miller', 'VAN', 4400000, 'Canada', TO_DATE('1997-11-04', 'YYYY-MM-DD'), 'D', 0, 'Active', 5);

-- For ARI (Arizona Coyotes) Adding additional skaters
INSERT INTO Players (playerID, name, team, salary, nationality, birthdate, position, gamesPlayed, status, jerseyNumber)
VALUES (321, 'Ryan OConnor', 'ARI', 4600000, 'USA', TO_DATE('1997-06-18', 'YYYY-MM-DD'), 'RW', 0, 'Active', 19);

-- For CGY (Calgary Flames) Adding additional skaters
INSERT INTO Players (playerID, name, team, salary, nationality, birthdate, position, gamesPlayed, status, jerseyNumber)
VALUES (322, 'Jonas Persson', 'CGY', 4400000, 'Sweden', TO_DATE('1997-02-22', 'YYYY-MM-DD'), 'C', 0, 'Active', 18);

-- For SJS (San Jose Sharks) Adding additional skaters
INSERT INTO Players (playerID, name, team, salary, nationality, birthdate, position, gamesPlayed, status, jerseyNumber)
VALUES (323, 'David Anderson', 'SJS', 4500000, 'USA', TO_DATE('1997-03-25', 'YYYY-MM-DD'), 'D', 0, 'Active', 4);

-- For PIT (Pittsburgh Penguins) Adding additional skaters
INSERT INTO Players (playerID, name, team, salary, nationality, birthdate, position, gamesPlayed, status, jerseyNumber)
VALUES (324, 'Matt Larson', 'PIT', 4600000, 'USA', TO_DATE('1997-07-12', 'YYYY-MM-DD'), 'RW', 0, 'Active', 17);

-- For OTT (Ottawa Senators) Adding additional skaters
INSERT INTO Players (playerID, name, team, salary, nationality, birthdate, position, gamesPlayed, status, jerseyNumber)
VALUES (325, 'Victor Larsson', 'OTT', 4400000, 'Sweden', TO_DATE('1997-12-02', 'YYYY-MM-DD'), 'D', 0, 'Active', 6);

-- For LAK (Los Angeles Kings) Adding additional skaters
INSERT INTO Players (playerID, name, team, salary, nationality, birthdate, position, gamesPlayed, status, jerseyNumber)
VALUES (326, 'Ryan Taylor', 'LAK', 4500000, 'Canada', TO_DATE('1997-08-23', 'YYYY-MM-DD'), 'C', 0, 'Active', 22);

-- For TBL (Tampa Bay Lightning) Adding additional skaters
INSERT INTO Players (playerID, name, team, salary, nationality, birthdate, position, gamesPlayed, status, jerseyNumber)
VALUES (327, 'Oscar Johansson', 'TBL', 4600000, 'Sweden', TO_DATE('1997-09-02', 'YYYY-MM-DD'), 'D', 0, 'Active', 10);

-- For VGK (Vegas Golden Knights) Adding additional skaters
INSERT INTO Players (playerID, name, team, salary, nationality, birthdate, position, gamesPlayed, status, jerseyNumber)
VALUES (328, 'Elias Ström', 'VGK', 4400000, 'Sweden', TO_DATE('1997-11-30', 'YYYY-MM-DD'), 'RW', 0, 'Active', 18);

-- For NYI (New York Islanders) Adding additional skaters
INSERT INTO Players (playerID, name, team, salary, nationality, birthdate, position, gamesPlayed, status, jerseyNumber)
VALUES (329, 'Sebastian Öberg', 'NYI', 4500000, 'Sweden', TO_DATE('1997-04-15', 'YYYY-MM-DD'), 'LW', 0, 'Active', 14);

-- Goalies and skaters for teams that need to be filled up to 15 players
-- Adding goalies and skaters to various teams

-- For BUF (Buffalo Sabres)
INSERT INTO Players (playerID, name, team, salary, nationality, birthdate, position, gamesPlayed, status, jerseyNumber)
VALUES (330, 'Marc Dahlström', 'BUF', 7000000, 'Sweden', TO_DATE('1990-06-15', 'YYYY-MM-DD'), 'G', 0, 'Active', 34);
INSERT INTO Players (playerID, name, team, salary, nationality, birthdate, position, gamesPlayed, status, jerseyNumber)
VALUES (331, 'Liam Martin', 'BUF', 4500000, 'Canada', TO_DATE('1996-09-23', 'YYYY-MM-DD'), 'RW', 0, 'Active', 29);

-- For COL (Colorado Avalanche)
INSERT INTO Players (playerID, name, team, salary, nationality, birthdate, position, gamesPlayed, status, jerseyNumber)
VALUES (332, 'Lucas Karlsson', 'COL', 7100000, 'Sweden', TO_DATE('1991-01-04', 'YYYY-MM-DD'), 'G', 0, 'Active', 35);
INSERT INTO Players (playerID, name, team, salary, nationality, birthdate, position, gamesPlayed, status, jerseyNumber)
VALUES (333, 'Gustav Lönn', 'COL', 4600000, 'Sweden', TO_DATE('1997-05-21', 'YYYY-MM-DD'), 'C', 0, 'Active', 13);

-- For CAR (Carolina Hurricanes)
INSERT INTO Players (playerID, name, team, salary, nationality, birthdate, position, gamesPlayed, status, jerseyNumber)
VALUES (334, 'Tobias Engström', 'CAR', 7000000, 'Sweden', TO_DATE('1992-03-16', 'YYYY-MM-DD'), 'G', 0, 'Active', 31);
INSERT INTO Players (playerID, name, team, salary, nationality, birthdate, position, gamesPlayed, status, jerseyNumber)
VALUES (335, 'Erik Strand', 'CAR', 4500000, 'Sweden', TO_DATE('1996-11-18', 'YYYY-MM-DD'), 'D', 0, 'Active', 5);

-- For DET (Detroit Red Wings)
INSERT INTO Players (playerID, name, team, salary, nationality, birthdate, position, gamesPlayed, status, jerseyNumber)
VALUES (336, 'Jonathan Eriksson', 'DET', 7200000, 'Sweden', TO_DATE('1990-04-29', 'YYYY-MM-DD'), 'G', 0, 'Active', 35);
INSERT INTO Players (playerID, name, team, salary, nationality, birthdate, position, gamesPlayed, status, jerseyNumber)
VALUES (337, 'Mikael Sandström', 'DET', 4600000, 'Sweden', TO_DATE('1997-06-01', 'YYYY-MM-DD'), 'C', 0, 'Active', 18);

-- For EDM (Edmonton Oilers)
INSERT INTO Players (playerID, name, team, salary, nationality, birthdate, position, gamesPlayed, status, jerseyNumber)
VALUES (338, 'Henrik Eriksson', 'EDM', 7100000, 'Sweden', TO_DATE('1991-03-05', 'YYYY-MM-DD'), 'G', 0, 'Active', 34);
INSERT INTO Players (playerID, name, team, salary, nationality, birthdate, position, gamesPlayed, status, jerseyNumber)
VALUES (339, 'Jacob Gustafsson', 'EDM', 4700000, 'Sweden', TO_DATE('1996-07-14', 'YYYY-MM-DD'), 'LW', 0, 'Active', 16);

-- For LAK (Los Angeles Kings)
INSERT INTO Players (playerID, name, team, salary, nationality, birthdate, position, gamesPlayed, status, jerseyNumber)
VALUES (340, 'Fredrik Jonsson', 'LAK', 7000000, 'Sweden', TO_DATE('1992-08-01', 'YYYY-MM-DD'), 'G', 0, 'Retired', 31);
INSERT INTO Players (playerID, name, team, salary, nationality, birthdate, position, gamesPlayed, status, jerseyNumber)
VALUES (341, 'Joel Hedlund', 'LAK', 4800000, 'Sweden', TO_DATE('1996-05-05', 'YYYY-MM-DD'), 'RW', 0, 'Retired', 14);

-- For PIT (Pittsburgh Penguins)
INSERT INTO Players (playerID, name, team, salary, nationality, birthdate, position, gamesPlayed, status, jerseyNumber)
VALUES (342, 'Oscar Strömberg', 'PIT', 7200000, 'Sweden', TO_DATE('1990-12-11', 'YYYY-MM-DD'), 'G', 0, 'Active', 35);
INSERT INTO Players (playerID, name, team, salary, nationality, birthdate, position, gamesPlayed, status, jerseyNumber)
VALUES (343, 'Jesper Alm', 'PIT', 4700000, 'Sweden', TO_DATE('1996-09-02', 'YYYY-MM-DD'), 'C', 0, 'Active', 17);

-- For NYI (New York Islanders)
INSERT INTO Players (playerID, name, team, salary, nationality, birthdate, position, gamesPlayed, status, jerseyNumber)
VALUES (344, 'Daniel Olsson', 'NYI', 7100000, 'Sweden', TO_DATE('1991-04-19', 'YYYY-MM-DD'), 'G', 0, 'Active', 31);
INSERT INTO Players (playerID, name, team, salary, nationality, birthdate, position, gamesPlayed, status, jerseyNumber)
VALUES (345, 'Jonathan Nyström', 'NYI', 4800000, 'Sweden', TO_DATE('1997-08-01', 'YYYY-MM-DD'), 'LW', 0, 'Active', 12);

-- For DAL (Dallas Stars)
INSERT INTO Players (playerID, name, team, salary, nationality, birthdate, position, gamesPlayed, status, jerseyNumber)
VALUES (346, 'Filip Persson', 'DAL', 7200000, 'Sweden', TO_DATE('1991-07-08', 'YYYY-MM-DD'), 'G', 0, 'Active', 30);
INSERT INTO Players (playerID, name, team, salary, nationality, birthdate, position, gamesPlayed, status, jerseyNumber)
VALUES (347, 'Jonas Eriksson', 'DAL', 4600000, 'Sweden', TO_DATE('1996-01-28', 'YYYY-MM-DD'), 'C', 0, 'Active', 20);

-- For FLA (Florida Panthers)
INSERT INTO Players (playerID, name, team, salary, nationality, birthdate, position, gamesPlayed, status, jerseyNumber)
VALUES (348, 'Victor Johansson', 'FLA', 7000000, 'Sweden', TO_DATE('1991-11-30', 'YYYY-MM-DD'), 'G', 0, 'Active', 31);
INSERT INTO Players (playerID, name, team, salary, nationality, birthdate, position, gamesPlayed, status, jerseyNumber)
VALUES (349, 'Alexander Lindqvist', 'FLA', 4700000, 'Sweden', TO_DATE('1997-02-09', 'YYYY-MM-DD'), 'LW', 0, 'Active', 19);

-- For WSH (Washington Capitals)
INSERT INTO Players (playerID, name, team, salary, nationality, birthdate, position, gamesPlayed, status, jerseyNumber)
VALUES (350, 'Patrik Johansson', 'WSH', 7000000, 'Sweden', TO_DATE('1991-05-12', 'YYYY-MM-DD'), 'G', 0, 'Active', 31);
INSERT INTO Players (playerID, name, team, salary, nationality, birthdate, position, gamesPlayed, status, jerseyNumber)
VALUES (351, 'Henrik Karlsson', 'WSH', 4600000, 'Sweden', TO_DATE('1996-04-05', 'YYYY-MM-DD'), 'C', 0, 'Active', 16);

-- For NYR (New York Rangers)
INSERT INTO Players (playerID, name, team, salary, nationality, birthdate, position, gamesPlayed, status, jerseyNumber)
VALUES (352, 'Ludvig Björk', 'NYR', 7100000, 'Sweden', TO_DATE('1990-08-03', 'YYYY-MM-DD'), 'G', 0, 'Active', 33);
INSERT INTO Players (playerID, name, team, salary, nationality, birthdate, position, gamesPlayed, status, jerseyNumber)
VALUES (353, 'Fredrik Lundgren', 'NYR', 4600000, 'Sweden', TO_DATE('1996-02-21', 'YYYY-MM-DD'), 'RW', 0, 'Active', 19);

-- For SEA (Seattle Kraken)
INSERT INTO Players (playerID, name, team, salary, nationality, birthdate, position, gamesPlayed, status, jerseyNumber)
VALUES (354, 'Erik Jansson', 'SEA', 7000000, 'Sweden', TO_DATE('1990-06-02', 'YYYY-MM-DD'), 'G', 0, 'Active', 34);
INSERT INTO Players (playerID, name, team, salary, nationality, birthdate, position, gamesPlayed, status, jerseyNumber)
VALUES (355, 'Oskar Nylander', 'SEA', 4600000, 'Sweden', TO_DATE('1996-07-22', 'YYYY-MM-DD'), 'C', 0, 'Active', 21);

-- For TBL (Tampa Bay Lightning)
INSERT INTO Players (playerID, name, team, salary, nationality, birthdate, position, gamesPlayed, status, jerseyNumber)
VALUES (356, 'Oliver Svensson', 'TBL', 7100000, 'Sweden', TO_DATE('1991-02-07', 'YYYY-MM-DD'), 'G', 0, 'Active', 35);
INSERT INTO Players (playerID, name, team, salary, nationality, birthdate, position, gamesPlayed, status, jerseyNumber)
VALUES (357, 'Johan Lundström', 'TBL', 4700000, 'Sweden', TO_DATE('1996-05-28', 'YYYY-MM-DD'), 'D', 0, 'Active', 14);

-- Continuing to add goalies and skaters for teams that need to be filled to 15 players

-- For NJD (New Jersey Devils)
INSERT INTO Players (playerID, name, team, salary, nationality, birthdate, position, gamesPlayed, status, jerseyNumber)
VALUES (358, 'Mattias Jansson', 'NJD', 7100000, 'Sweden', TO_DATE('1991-06-08', 'YYYY-MM-DD'), 'G', 0, 'Active', 34);
INSERT INTO Players (playerID, name, team, salary, nationality, birthdate, position, gamesPlayed, status, jerseyNumber)
VALUES (359, 'Nils Lundgren', 'NJD', 4700000, 'Sweden', TO_DATE('1996-11-15', 'YYYY-MM-DD'), 'D', 0, 'Active', 28);

-- For EDM (Edmonton Oilers)
INSERT INTO Players (playerID, name, team, salary, nationality, birthdate, position, gamesPlayed, status, jerseyNumber)
VALUES (360, 'Hugo Wallström', 'EDM', 7100000, 'Sweden', TO_DATE('1992-03-18', 'YYYY-MM-DD'), 'G', 0, 'Active', 34);
INSERT INTO Players (playerID, name, team, salary, nationality, birthdate, position, gamesPlayed, status, jerseyNumber)
VALUES (361, 'Jonas Larsson', 'EDM', 4800000, 'Sweden', TO_DATE('1997-06-03', 'YYYY-MM-DD'), 'RW', 0, 'Active', 18);

-- For LAK (Los Angeles Kings)
INSERT INTO Players (playerID, name, team, salary, nationality, birthdate, position, gamesPlayed, status, jerseyNumber)
VALUES (362, 'Emil Nyström', 'LAK', 7100000, 'Sweden', TO_DATE('1991-02-25', 'YYYY-MM-DD'), 'G', 0, 'Active', 34);
INSERT INTO Players (playerID, name, team, salary, nationality, birthdate, position, gamesPlayed, status, jerseyNumber)
VALUES (363, 'Albin Ström', 'LAK', 4700000, 'Sweden', TO_DATE('1996-07-10', 'YYYY-MM-DD'), 'C', 0, 'Active', 19);

-- For NYR (New York Rangers)
INSERT INTO Players (playerID, name, team, salary, nationality, birthdate, position, gamesPlayed, status, jerseyNumber)
VALUES (364, 'Fredrik Håkansson', 'NYR', 7100000, 'Sweden', TO_DATE('1990-12-25', 'YYYY-MM-DD'), 'G', 0, 'Active', 30);
INSERT INTO Players (playerID, name, team, salary, nationality, birthdate, position, gamesPlayed, status, jerseyNumber)
VALUES (365, 'Andreas Larsson', 'NYR', 4700000, 'Sweden', TO_DATE('1996-11-22', 'YYYY-MM-DD'), 'LW', 0, 'Active', 17);

-- For PIT (Pittsburgh Penguins)
INSERT INTO Players (playerID, name, team, salary, nationality, birthdate, position, gamesPlayed, status, jerseyNumber)
VALUES (366, 'Erik Olsson', 'PIT', 7100000, 'Sweden', TO_DATE('1991-05-10', 'YYYY-MM-DD'), 'G', 0, 'Active', 34);
INSERT INTO Players (playerID, name, team, salary, nationality, birthdate, position, gamesPlayed, status, jerseyNumber)
VALUES (367, 'Henrik Nilsson', 'PIT', 4700000, 'Sweden', TO_DATE('1997-08-14', 'YYYY-MM-DD'), 'C', 0, 'Active', 19);

-- For SEA (Seattle Kraken)
INSERT INTO Players (playerID, name, team, salary, nationality, birthdate, position, gamesPlayed, status, jerseyNumber)
VALUES (368, 'Victor Svensson', 'SEA', 7100000, 'Sweden', TO_DATE('1990-12-22', 'YYYY-MM-DD'), 'G', 0, 'Active', 31);
INSERT INTO Players (playerID, name, team, salary, nationality, birthdate, position, gamesPlayed, status, jerseyNumber)
VALUES (369, 'Johan Bäckström', 'SEA', 4700000, 'Sweden', TO_DATE('1996-04-09', 'YYYY-MM-DD'), 'LW', 0, 'Active', 18);

-- For WPG (Winnipeg Jets)
INSERT INTO Players (playerID, name, team, salary, nationality, birthdate, position, gamesPlayed, status, jerseyNumber)
VALUES (370, 'Oskar Olsson', 'WPG', 7100000, 'Sweden', TO_DATE('1991-10-12', 'YYYY-MM-DD'), 'G', 0, 'Active', 34);
INSERT INTO Players (playerID, name, team, salary, nationality, birthdate, position, gamesPlayed, status, jerseyNumber)
VALUES (371, 'Nils Strand', 'WPG', 4700000, 'Sweden', TO_DATE('1996-03-28', 'YYYY-MM-DD'), 'RW', 0, 'Active', 20);

-- For NYI (New York Islanders)
INSERT INTO Players (playerID, name, team, salary, nationality, birthdate, position, gamesPlayed, status, jerseyNumber)
VALUES (372, 'Simon Forsberg', 'NYI', 7100000, 'Sweden', TO_DATE('1991-11-13', 'YYYY-MM-DD'), 'G', 0, 'Active', 34);
INSERT INTO Players (playerID, name, team, salary, nationality, birthdate, position, gamesPlayed, status, jerseyNumber)
VALUES (373, 'Marcus Nyström', 'NYI', 4700000, 'Sweden', TO_DATE('1996-02-01', 'YYYY-MM-DD'), 'C', 0, 'Active', 22);

-- For BOS (Boston Bruins)
INSERT INTO Players (playerID, name, team, salary, nationality, birthdate, position, gamesPlayed, status, jerseyNumber)
VALUES (374, 'Oscar Jönsson', 'BOS', 7100000, 'Sweden', TO_DATE('1992-07-22', 'YYYY-MM-DD'), 'G', 0, 'Active', 35);
INSERT INTO Players (playerID, name, team, salary, nationality, birthdate, position, gamesPlayed, status, jerseyNumber)
VALUES (375, 'Erik Öberg', 'BOS', 4700000, 'Sweden', TO_DATE('1997-05-14', 'YYYY-MM-DD'), 'C', 0, 'Active', 16);

-- For VGK (Vegas Golden Knights)
INSERT INTO Players (playerID, name, team, salary, nationality, birthdate, position, gamesPlayed, status, jerseyNumber)
VALUES (376, 'Jesper Björk', 'VGK', 7100000, 'Sweden', TO_DATE('1990-09-01', 'YYYY-MM-DD'), 'G', 0, 'Active', 35);
INSERT INTO Players (playerID, name, team, salary, nationality, birthdate, position, gamesPlayed, status, jerseyNumber)
VALUES (377, 'Maxim Bäckström', 'VGK', 4700000, 'Sweden', TO_DATE('1997-04-10', 'YYYY-MM-DD'), 'RW', 0, 'Active', 21);

-- For CHI (Chicago Blackhawks)
INSERT INTO Players (playerID, name, team, salary, nationality, birthdate, position, gamesPlayed, status, jerseyNumber)
VALUES (378, 'Lukas Bergström', 'CHI', 7100000, 'Sweden', TO_DATE('1991-12-03', 'YYYY-MM-DD'), 'G', 0, 'Active', 34);
INSERT INTO Players (playerID, name, team, salary, nationality, birthdate, position, gamesPlayed, status, jerseyNumber)
VALUES (379, 'Martin Sundqvist', 'CHI', 4700000, 'Sweden', TO_DATE('1997-09-19', 'YYYY-MM-DD'), 'D', 0, 'Active', 15);

-- For MTL (Montreal Canadiens)
INSERT INTO Players (playerID, name, team, salary, nationality, birthdate, position, gamesPlayed, status, jerseyNumber)
VALUES (380, 'Ludvig Eriksson', 'MTL', 7100000, 'Sweden', TO_DATE('1991-11-06', 'YYYY-MM-DD'), 'G', 0, 'Active', 35);
INSERT INTO Players (playerID, name, team, salary, nationality, birthdate, position, gamesPlayed, status, jerseyNumber)
VALUES (381, 'Oscar Lindqvist', 'MTL', 4700000, 'Sweden', TO_DATE('1996-08-18', 'YYYY-MM-DD'), 'C', 0, 'Active', 19);

-- For DAL (Dallas Stars)
INSERT INTO Players (playerID, name, team, salary, nationality, birthdate, position, gamesPlayed, status, jerseyNumber)
VALUES (382, 'Jonas Persson', 'DAL', 7100000, 'Sweden', TO_DATE('1992-06-21', 'YYYY-MM-DD'), 'G', 0, 'Active', 34);
INSERT INTO Players (playerID, name, team, salary, nationality, birthdate, position, gamesPlayed, status, jerseyNumber)
VALUES (383, 'Lars Larsson', 'DAL', 4700000, 'Sweden', TO_DATE('1997-11-10', 'YYYY-MM-DD'), 'LW', 0, 'Active', 22);

-- For FLA (Florida Panthers)
INSERT INTO Players (playerID, name, team, salary, nationality, birthdate, position, gamesPlayed, status, jerseyNumber)
VALUES (384, 'Victor Bäckström', 'FLA', 7100000, 'Sweden', TO_DATE('1991-12-09', 'YYYY-MM-DD'), 'G', 0, 'Active', 35);
INSERT INTO Players (playerID, name, team, salary, nationality, birthdate, position, gamesPlayed, status, jerseyNumber)
VALUES (385, 'Jonas Jönsson', 'FLA', 4700000, 'Sweden', TO_DATE('1997-03-05', 'YYYY-MM-DD'), 'RW', 0, 'Active', 21);

-- For WSH (Washington Capitals)
INSERT INTO Players (playerID, name, team, salary, nationality, birthdate, position, gamesPlayed, status, jerseyNumber)
VALUES (386, 'Fredrik Strand', 'WSH', 7100000, 'Sweden', TO_DATE('1991-08-12', 'YYYY-MM-DD'), 'G', 0, 'Active', 34);
INSERT INTO Players (playerID, name, team, salary, nationality, birthdate, position, gamesPlayed, status, jerseyNumber)
VALUES (387, 'Albin Nilsson', 'WSH', 4700000, 'Sweden', TO_DATE('1997-05-04', 'YYYY-MM-DD'), 'C', 0, 'Active', 19);

-- For NJD (New Jersey Devils)
INSERT INTO Players (playerID, name, team, salary, nationality, birthdate, position, gamesPlayed, status, jerseyNumber)
VALUES (388, 'Johan Håkansson', 'NJD', 7100000, 'Sweden', TO_DATE('1992-06-15', 'YYYY-MM-DD'), 'G', 0, 'Active', 34);

INSERT INTO Players (playerID, name, team, salary, nationality, birthdate, position, gamesPlayed, status, jerseyNumber)
VALUES (389, 'Erik Nilsson', 'NJD', 4700000, 'Sweden', TO_DATE('1997-02-22', 'YYYY-MM-DD'), 'RW', 0, 'Active', 20);

INSERT INTO Players (playerID, name, team, salary, nationality, birthdate, position, gamesPlayed, status, jerseyNumber)
VALUES (390, 'Lucas Jönsson', 'NJD', 4700000, 'Sweden', TO_DATE('1996-10-09', 'YYYY-MM-DD'), 'C', 0, 'Active', 22);

-- For WPG (Winnipeg Jets)
INSERT INTO Players (playerID, name, team, salary, nationality, birthdate, position, gamesPlayed, status, jerseyNumber)
VALUES (391, 'Oskar Lundqvist', 'WPG', 7100000, 'Sweden', TO_DATE('1991-12-01', 'YYYY-MM-DD'), 'G', 0, 'Active', 34);

INSERT INTO Players (playerID, name, team, salary, nationality, birthdate, position, gamesPlayed, status, jerseyNumber)
VALUES (392, 'Victor Eriksson', 'WPG', 4700000, 'Sweden', TO_DATE('1997-07-05', 'YYYY-MM-DD'), 'D', 0, 'Active', 18);

INSERT INTO Players (playerID, name, team, salary, nationality, birthdate, position, gamesPlayed, status, jerseyNumber)
VALUES (393, 'Sebastian Holm', 'WPG', 4700000, 'Sweden', TO_DATE('1996-11-11', 'YYYY-MM-DD'), 'LW', 0, 'Active', 15);

-- For CHI (Chicago Blackhawks)
INSERT INTO Players (playerID, name, team, salary, nationality, birthdate, position, gamesPlayed, status, jerseyNumber)
VALUES (394, 'Fredrik Karlsson', 'CHI', 7100000, 'Sweden', TO_DATE('1992-09-14', 'YYYY-MM-DD'), 'G', 0, 'Active', 34);

INSERT INTO Players (playerID, name, team, salary, nationality, birthdate, position, gamesPlayed, status, jerseyNumber)
VALUES (395, 'Axel Bergström', 'CHI', 4700000, 'Sweden', TO_DATE('1997-12-20', 'YYYY-MM-DD'), 'C', 0, 'Active', 19);

INSERT INTO Players (playerID, name, team, salary, nationality, birthdate, position, gamesPlayed, status, jerseyNumber)
VALUES (396, 'Niklas Lindgren', 'CHI', 4700000, 'Sweden', TO_DATE('1996-04-17', 'YYYY-MM-DD'), 'D', 0, 'Active', 25);

-- For MTL (Montreal Canadiens)
INSERT INTO Players (playerID, name, team, salary, nationality, birthdate, position, gamesPlayed, status, jerseyNumber)
VALUES (397, 'Oscar Persson', 'MTL', 7100000, 'Sweden', TO_DATE('1992-08-06', 'YYYY-MM-DD'), 'G', 0, 'Active', 35);

INSERT INTO Players (playerID, name, team, salary, nationality, birthdate, position, gamesPlayed, status, jerseyNumber)
VALUES (398, 'Lars Ström', 'MTL', 4700000, 'Sweden', TO_DATE('1996-12-10', 'YYYY-MM-DD'), 'RW', 0, 'Active', 18);

INSERT INTO Players (playerID, name, team, salary, nationality, birthdate, position, gamesPlayed, status, jerseyNumber)
VALUES (399, 'Simon Holm', 'MTL', 4700000, 'Sweden', TO_DATE('1997-09-02', 'YYYY-MM-DD'), 'C', 0, 'Active', 20);

-- For VGK (Vegas Golden Knights)
INSERT INTO Players (playerID, name, team, salary, nationality, birthdate, position, gamesPlayed, status, jerseyNumber)
VALUES (400, 'Johan Eriksson', 'VGK', 7100000, 'Sweden', TO_DATE('1992-01-10', 'YYYY-MM-DD'), 'G', 0, 'Active', 35);

INSERT INTO Players (playerID, name, team, salary, nationality, birthdate, position, gamesPlayed, status, jerseyNumber)
VALUES (401, 'Martin Svensson', 'VGK', 4700000, 'Sweden', TO_DATE('1996-11-19', 'YYYY-MM-DD'), 'D', 0, 'Active', 24);

-- For ANA (Anaheim Ducks)
INSERT INTO Players (playerID, name, team, salary, nationality, birthdate, position, gamesPlayed, status, jerseyNumber)
VALUES (402, 'Jonas Gustafsson', 'ANA', 7100000, 'Sweden', TO_DATE('1992-07-15', 'YYYY-MM-DD'), 'G', 0, 'Active', 35);

INSERT INTO Players (playerID, name, team, salary, nationality, birthdate, position, gamesPlayed, status, jerseyNumber)
VALUES (403, 'Anders Lindström', 'ANA', 4700000, 'Sweden', TO_DATE('1996-08-04', 'YYYY-MM-DD'), 'RW', 0, 'Active', 18);

INSERT INTO Players (playerID, name, team, salary, nationality, birthdate, position, gamesPlayed, status, jerseyNumber)
VALUES (404, 'Mattias Nilsson', 'ANA', 4700000, 'Sweden', TO_DATE('1997-10-23', 'YYYY-MM-DD'), 'C', 0, 'Active', 22);

INSERT INTO Players (playerID, name, team, salary, nationality, birthdate, position, gamesPlayed, status, jerseyNumber)
VALUES (405, 'Tobias Henriksson', 'ANA', 4700000, 'Sweden', TO_DATE('1996-05-10', 'YYYY-MM-DD'), 'D', 0, 'Active', 14);

INSERT INTO Players (playerID, name, team, salary, nationality, birthdate, position, gamesPlayed, status, jerseyNumber)
VALUES (406, 'Sebastian Eriksson', 'ANA', 4700000, 'Sweden', TO_DATE('1997-03-18', 'YYYY-MM-DD'), 'LW', 0, 'Active', 21);

-- For TBL (Tampa Bay Lightning)
INSERT INTO Players (playerID, name, team, salary, nationality, birthdate, position, gamesPlayed, status, jerseyNumber)
VALUES (407, 'Albin Karlsson', 'TBL', 7100000, 'Sweden', TO_DATE('1993-12-22', 'YYYY-MM-DD'), 'G', 0, 'Active', 35);

INSERT INTO Players (playerID, name, team, salary, nationality, birthdate, position, gamesPlayed, status, jerseyNumber)
VALUES (408, 'Oskar Andersson', 'TBL', 4700000, 'Sweden', TO_DATE('1996-09-30', 'YYYY-MM-DD'), 'RW', 0, 'Active', 19);

-- For CGY (Calgary Flames)
INSERT INTO Players (playerID, name, team, salary, nationality, birthdate, position, gamesPlayed, status, jerseyNumber)
VALUES (409, 'Lucas Persson', 'CGY', 7100000, 'Sweden', TO_DATE('1991-07-11', 'YYYY-MM-DD'), 'G', 0, 'Active', 35);

INSERT INTO Players (playerID, name, team, salary, nationality, birthdate, position, gamesPlayed, status, jerseyNumber)
VALUES (410, 'Felix Olsson', 'CGY', 4700000, 'Sweden', TO_DATE('1996-03-22', 'YYYY-MM-DD'), 'C', 0, 'Active', 20);

INSERT INTO Players (playerID, name, team, salary, nationality, birthdate, position, gamesPlayed, status, jerseyNumber)
VALUES (411, 'Jonas Hägglund', 'CGY', 4700000, 'Sweden', TO_DATE('1997-06-13', 'YYYY-MM-DD'), 'LW', 0, 'Active', 18);

INSERT INTO Players (playerID, name, team, salary, nationality, birthdate, position, gamesPlayed, status, jerseyNumber)
VALUES (412, 'Axel Svensson', 'CGY', 4700000, 'Sweden', TO_DATE('1995-04-20', 'YYYY-MM-DD'), 'D', 0, 'Active', 26);

-- For VAN (Vancouver Canucks)
INSERT INTO Players (playerID, name, team, salary, nationality, birthdate, position, gamesPlayed, status, jerseyNumber)
VALUES (413, 'Johan Nyström', 'VAN', 7100000, 'Sweden', TO_DATE('1993-10-02', 'YYYY-MM-DD'), 'G', 0, 'Active', 35);

INSERT INTO Players (playerID, name, team, salary, nationality, birthdate, position, gamesPlayed, status, jerseyNumber)
VALUES (414, 'Fredrik Dahl', 'VAN', 4700000, 'Sweden', TO_DATE('1996-11-15', 'YYYY-MM-DD'), 'C', 0, 'Active', 20);

INSERT INTO Players (playerID, name, team, salary, nationality, birthdate, position, gamesPlayed, status, jerseyNumber)
VALUES (415, 'Erik Lindegren', 'VAN', 4700000, 'Sweden', TO_DATE('1997-01-29', 'YYYY-MM-DD'), 'RW', 0, 'Active', 21);

INSERT INTO Players (playerID, name, team, salary, nationality, birthdate, position, gamesPlayed, status, jerseyNumber)
VALUES (416, 'Tobias Olsson', 'VAN', 4700000, 'Sweden', TO_DATE('1996-06-04', 'YYYY-MM-DD'), 'D', 0, 'Active', 25);

-- For COL (Colorado Avalanche)
INSERT INTO Players (playerID, name, team, salary, nationality, birthdate, position, gamesPlayed, status, jerseyNumber)
VALUES (417, 'Sebastian Lindström', 'COL', 7100000, 'Sweden', TO_DATE('1992-05-10', 'YYYY-MM-DD'), 'G', 0, 'Active', 35);

INSERT INTO Players (playerID, name, team, salary, nationality, birthdate, position, gamesPlayed, status, jerseyNumber)
VALUES (418, 'Max Bergström', 'COL', 4700000, 'Sweden', TO_DATE('1997-08-21', 'YYYY-MM-DD'), 'RW', 0, 'Active', 20);

-- For OTT (Ottawa Senators)
INSERT INTO Players (playerID, name, team, salary, nationality, birthdate, position, gamesPlayed, status, jerseyNumber)
VALUES (419, 'Håkan Ström', 'OTT', 7100000, 'Sweden', TO_DATE('1992-11-01', 'YYYY-MM-DD'), 'G', 0, 'Active', 35);

INSERT INTO Players (playerID, name, team, salary, nationality, birthdate, position, gamesPlayed, status, jerseyNumber)
VALUES (420, 'Erik Johansson', 'OTT', 4700000, 'Sweden', TO_DATE('1997-07-30', 'YYYY-MM-DD'), 'C', 0, 'Active', 21);

INSERT INTO Players (playerID, name, team, salary, nationality, birthdate, position, gamesPlayed, status, jerseyNumber)
VALUES (421, 'Simon Eriksson', 'OTT', 4700000, 'Sweden', TO_DATE('1996-12-19', 'YYYY-MM-DD'), 'LW', 0, 'Active', 18);

INSERT INTO Players (playerID, name, team, salary, nationality, birthdate, position, gamesPlayed, status, jerseyNumber)
VALUES (422, 'Jonas Andersson', 'OTT', 4700000, 'Sweden', TO_DATE('1997-09-05', 'YYYY-MM-DD'), 'D', 0, 'Active', 24);

-- For SJS (San Jose Sharks)
INSERT INTO Players (playerID, name, team, salary, nationality, birthdate, position, gamesPlayed, status, jerseyNumber)
VALUES (423, 'Magnus Lindström', 'SJS', 7100000, 'Sweden', TO_DATE('1992-04-11', 'YYYY-MM-DD'), 'G', 0, 'Active', 35);

INSERT INTO Players (playerID, name, team, salary, nationality, birthdate, position, gamesPlayed, status, jerseyNumber)
VALUES (424, 'Fredrik Linde', 'SJS', 4700000, 'Sweden', TO_DATE('1997-03-13', 'YYYY-MM-DD'), 'C', 0, 'Active', 19);

INSERT INTO Players (playerID, name, team, salary, nationality, birthdate, position, gamesPlayed, status, jerseyNumber)
VALUES (425, 'Jonas Dahl', 'SJS', 4700000, 'Sweden', TO_DATE('1997-07-29', 'YYYY-MM-DD'), 'RW', 0, 'Active', 21);

INSERT INTO Players (playerID, name, team, salary, nationality, birthdate, position, gamesPlayed, status, jerseyNumber)
VALUES (426, 'Lukas Jansson', 'SJS', 4700000, 'Sweden', TO_DATE('1996-11-11', 'YYYY-MM-DD'), 'D', 0, 'Active', 24);

-- For MIN (Minnesota Wild)
INSERT INTO Players (playerID, name, team, salary, nationality, birthdate, position, gamesPlayed, status, jerseyNumber)
VALUES (427, 'Niklas Strömberg', 'MIN', 7100000, 'Sweden', TO_DATE('1992-08-09', 'YYYY-MM-DD'), 'G', 0, 'Active', 35);

INSERT INTO Players (playerID, name, team, salary, nationality, birthdate, position, gamesPlayed, status, jerseyNumber)
VALUES (428, 'Axel Ekström', 'MIN', 4700000, 'Sweden', TO_DATE('1996-04-03', 'YYYY-MM-DD'), 'C', 0, 'Active', 20);

INSERT INTO Players (playerID, name, team, salary, nationality, birthdate, position, gamesPlayed, status, jerseyNumber)
VALUES (429, 'Johan Svensson', 'MIN', 4700000, 'Sweden', TO_DATE('1997-09-09', 'YYYY-MM-DD'), 'LW', 0, 'Active', 19);

INSERT INTO Players (playerID, name, team, salary, nationality, birthdate, position, gamesPlayed, status, jerseyNumber)
VALUES (430, 'Henrik Larsson', 'MIN', 4700000, 'Sweden', TO_DATE('1996-06-17', 'YYYY-MM-DD'), 'RW', 0, 'Active', 23);

INSERT INTO Players (playerID, name, team, salary, nationality, birthdate, position, gamesPlayed, status, jerseyNumber)
VALUES (431, 'David Hansson', 'MIN', 4700000, 'Sweden', TO_DATE('1997-01-12', 'YYYY-MM-DD'), 'D', 0, 'Active', 26);

-- For ARI (Arizona Coyotes)
INSERT INTO Players (playerID, name, team, salary, nationality, birthdate, position, gamesPlayed, status, jerseyNumber)
VALUES (432, 'Oscar Lundgren', 'ARI', 7100000, 'Sweden', TO_DATE('1992-12-03', 'YYYY-MM-DD'), 'G', 0, 'Active', 35);

INSERT INTO Players (playerID, name, team, salary, nationality, birthdate, position, gamesPlayed, status, jerseyNumber)
VALUES (433, 'Victor Larsson', 'ARI', 4700000, 'Sweden', TO_DATE('1996-07-14', 'YYYY-MM-DD'), 'C', 0, 'Active', 21);

INSERT INTO Players (playerID, name, team, salary, nationality, birthdate, position, gamesPlayed, status, jerseyNumber)
VALUES (434, 'Joel Persson', 'ARI', 4700000, 'Sweden', TO_DATE('1997-10-10', 'YYYY-MM-DD'), 'RW', 0, 'Active', 22);

INSERT INTO Players (playerID, name, team, salary, nationality, birthdate, position, gamesPlayed, status, jerseyNumber)
VALUES (435, 'Simon Henriksson', 'ARI', 4700000, 'Sweden', TO_DATE('1996-05-17', 'YYYY-MM-DD'), 'D', 0, 'Active', 26);

INSERT INTO Players (playerID, name, team, salary, nationality, birthdate, position, gamesPlayed, status, jerseyNumber)
VALUES (436, 'Alexander Berglund', 'ARI', 4700000, 'Sweden', TO_DATE('1997-03-11', 'YYYY-MM-DD'), 'LW', 0, 'Active', 19);

-- Skaters
-- For TBL (Tampa Bay Lightning)
-- playerID: 1
INSERT INTO Skaters (playerID, goals, assists, points, shots, hits, plusMinus, TOI)
VALUES (1, 2, 3, 5, 14, 5, 1, '20:15');

-- playerID: 2
INSERT INTO Skaters (playerID, goals, assists, points, shots, hits, plusMinus, TOI)
VALUES (2, 5, 6, 11, 18, 8, 3, '21:00');

-- For CGY (Calgary Flames)
-- playerID: 3
INSERT INTO Skaters (playerID, goals, assists, points, shots, hits, plusMinus, TOI)
VALUES (3, 1, 2, 3, 8, 4, -1, '18:30');

-- playerID: 4
INSERT INTO Skaters (playerID, goals, assists, points, shots, hits, plusMinus, TOI)
VALUES (4, 4, 5, 9, 14, 6, 2, '19:45');

-- For VAN (Vancouver Canucks)
-- playerID: 5
INSERT INTO Skaters (playerID, goals, assists, points, shots, hits, plusMinus, TOI)
VALUES (5, 2, 4, 6, 10, 3, -2, '19:00');

-- For COL (Colorado Avalanche)
-- playerID: 6
INSERT INTO Skaters (playerID, goals, assists, points, shots, hits, plusMinus, TOI)
VALUES (6, 6, 7, 13, 22, 12, 4, '22:30');

-- For OTT (Ottawa Senators)
-- playerID: 7
INSERT INTO Skaters (playerID, goals, assists, points, shots, hits, plusMinus, TOI)
VALUES (7, 1, 3, 4, 6, 2, -3, '18:30');

-- playerID: 8
INSERT INTO Skaters (playerID, goals, assists, points, shots, hits, plusMinus, TOI)
VALUES (8, 2, 5, 7, 11, 4, 1, '19:15');

-- Goaltenders
-- For TBL
-- playerID: 1
INSERT INTO Goaltenders (playerID, wins, losses, OTLosses, savePct, saves, goalsAgainst, GAA)
VALUES (1, 5, 3, 2, 0.918, 250, 25, 2.50);

-- For CGY
-- playerID: 3
INSERT INTO Goaltenders (playerID, wins, losses, OTLosses, savePct, saves, goalsAgainst, GAA)
VALUES (3, 3, 2, 0, 0.910, 180, 20, 2.80);

-- For VAN
-- playerID: 5
INSERT INTO Goaltenders (playerID, wins, losses, OTLosses, savePct, saves, goalsAgainst, GAA)
VALUES (5, 4, 3, 0, 0.913, 200, 19, 2.70);

-- For COL
-- playerID: 6
INSERT INTO Goaltenders (playerID, wins, losses, OTLosses, savePct, saves, goalsAgainst, GAA)
VALUES (6, 6, 2, 1, 0.925, 220, 16, 2.00);

-- For OTT
-- playerID: 7
INSERT INTO Goaltenders (playerID, wins, losses, OTLosses, savePct, saves, goalsAgainst, GAA)
VALUES (7, 3, 2, 1, 0.900, 150, 25, 3.00);

-- playerID: 8
INSERT INTO Goaltenders (playerID, wins, losses, OTLosses, savePct, saves, goalsAgainst, GAA)
VALUES (8, 1, 3, 2, 0.885, 110, 30, 3.30);

-- Skaters
-- For BUF
-- playerID: 9
INSERT INTO Skaters (playerID, goals, assists, points, shots, hits, plusMinus, TOI)
VALUES (9, 3, 4, 7, 12, 5, 2, '19:30');

-- playerID: 10
INSERT INTO Skaters (playerID, goals, assists, points, shots, hits, plusMinus, TOI)
VALUES (10, 1, 2, 3, 8, 4, -1, '18:45');

-- For CAR
-- playerID: 11
INSERT INTO Skaters (playerID, goals, assists, points, shots, hits, plusMinus, TOI)
VALUES (11, 2, 3, 5, 10, 6, 1, '19:00');

-- playerID: 12
INSERT INTO Skaters (playerID, goals, assists, points, shots, hits, plusMinus, TOI)
VALUES (12, 4, 5, 9, 15, 7, 3, '20:30');

-- For DET
-- playerID: 13
INSERT INTO Skaters (playerID, goals, assists, points, shots, hits, plusMinus, TOI)
VALUES (13, 5, 6, 11, 20, 8, 4, '21:00');

-- playerID: 14
INSERT INTO Skaters (playerID, goals, assists, points, shots, hits, plusMinus, TOI)
VALUES (14, 2, 2, 4, 9, 5, -2, '18:45');

-- For NJD
-- playerID: 15
INSERT INTO Skaters (playerID, goals, assists, points, shots, hits, plusMinus, TOI)
VALUES (15, 3, 4, 7, 12, 6, 2, '19:15');

-- playerID: 16
INSERT INTO Skaters (playerID, goals, assists, points, shots, hits, plusMinus, TOI)
VALUES (16, 2, 3, 5, 10, 4, 1, '18:30');

-- For EDM
-- playerID: 17
INSERT INTO Skaters (playerID, goals, assists, points, shots, hits, plusMinus, TOI)
VALUES (17, 6, 8, 14, 25, 12, 5, '22:00');

-- playerID: 18
INSERT INTO Skaters (playerID, goals, assists, points, shots, hits, plusMinus, TOI)
VALUES (18, 4, 5, 9, 16, 6, 3, '20:15');

-- Goaltenders
-- For BUF
-- playerID: 9
INSERT INTO Goaltenders (playerID, wins, losses, OTLosses, savePct, saves, goalsAgainst, GAA)
VALUES (9, 6, 3, 0, 0.920, 200, 25, 2.50);

-- For CAR
-- playerID: 11
INSERT INTO Goaltenders (playerID, wins, losses, OTLosses, savePct, saves, goalsAgainst, GAA)
VALUES (11, 4, 3, 0, 0.910, 180, 22, 2.80);

-- playerID: 12
INSERT INTO Goaltenders (playerID, wins, losses, OTLosses, savePct, saves, goalsAgainst, GAA)
VALUES (12, 5, 5, 0, 0.905, 220, 30, 3.10);

-- For DET
-- playerID: 13
INSERT INTO Goaltenders (playerID, wins, losses, OTLosses, savePct, saves, goalsAgainst, GAA)
VALUES (13, 7, 4, 0, 0.925, 250, 22, 2.20);

-- For NJD
-- playerID: 15
INSERT INTO Goaltenders (playerID, wins, losses, OTLosses, savePct, saves, goalsAgainst, GAA)
VALUES (15, 4, 4, 0, 0.910, 180, 24, 2.90);

-- playerID: 16
INSERT INTO Goaltenders (playerID, wins, losses, OTLosses, savePct, saves, goalsAgainst, GAA)
VALUES (16, 3, 3, 1, 0.900, 150, 20, 3.00);

-- For EDM
-- playerID: 17
INSERT INTO Goaltenders (playerID, wins, losses, OTLosses, savePct, saves, goalsAgainst, GAA)
VALUES (17, 8, 4, 0, 0.930, 300, 20, 2.00);

-- playerID: 18
INSERT INTO Goaltenders (playerID, wins, losses, OTLosses, savePct, saves, goalsAgainst, GAA)
VALUES (18, 5, 4, 0, 0.915, 220, 25, 2.75);

-- Skaters
-- For TBL
-- playerID: 19
INSERT INTO Skaters (playerID, goals, assists, points, shots, hits, plusMinus, TOI)
VALUES (19, 4, 5, 9, 18, 7, 3, '20:30');

-- playerID: 20
INSERT INTO Skaters (playerID, goals, assists, points, shots, hits, plusMinus, TOI)
VALUES (20, 3, 4, 7, 14, 6, 2, '19:45');

-- For CGY
-- playerID: 21
INSERT INTO Skaters (playerID, goals, assists, points, shots, hits, plusMinus, TOI)
VALUES (21, 5, 3, 8, 16, 10, 4, '20:30');

-- playerID: 22
INSERT INTO Skaters (playerID, goals, assists, points, shots, hits, plusMinus, TOI)
VALUES (22, 2, 5, 7, 12, 5, 1, '19:00');

-- For VAN
-- playerID: 23
INSERT INTO Skaters (playerID, goals, assists, points, shots, hits, plusMinus, TOI)
VALUES (23, 4, 3, 7, 15, 8, 3, '21:00');

-- playerID: 24
INSERT INTO Skaters (playerID, goals, assists, points, shots, hits, plusMinus, TOI)
VALUES (24, 1, 6, 7, 13, 5, 2, '18:30');

-- For COL
-- playerID: 25
INSERT INTO Skaters (playerID, goals, assists, points, shots, hits, plusMinus, TOI)
VALUES (25, 6, 5, 11, 20, 12, 6, '22:00');

-- playerID: 26
INSERT INTO Skaters (playerID, goals, assists, points, shots, hits, plusMinus, TOI)
VALUES (26, 3, 5, 8, 14, 6, 3, '20:30');

-- For OTT
-- playerID: 27
INSERT INTO Skaters (playerID, goals, assists, points, shots, hits, plusMinus, TOI)
VALUES (27, 2, 4, 6, 12, 7, 2, '19:30');

-- playerID: 28
INSERT INTO Skaters (playerID, goals, assists, points, shots, hits, plusMinus, TOI)
VALUES (28, 4, 2, 6, 18, 8, 4, '20:00');

-- For SJS
-- playerID: 29
INSERT INTO Skaters (playerID, goals, assists, points, shots, hits, plusMinus, TOI)
VALUES (29, 3, 5, 8, 14, 9, 3, '19:45');

-- playerID: 30
INSERT INTO Skaters (playerID, goals, assists, points, shots, hits, plusMinus, TOI)
VALUES (30, 1, 4, 5, 11, 6, 1, '18:30');

-- For MIN
-- playerID: 31
INSERT INTO Skaters (playerID, goals, assists, points, shots, hits, plusMinus, TOI)
VALUES (31, 4, 4, 8, 15, 8, 3, '20:30');

-- For ARI
-- playerID: 32
INSERT INTO Skaters (playerID, goals, assists, points, shots, hits, plusMinus, TOI)
VALUES (32, 5, 3, 8, 16, 10, 4, '21:00');

-- For BUF
-- playerID: 33
INSERT INTO Skaters (playerID, goals, assists, points, shots, hits, plusMinus, TOI)
VALUES (33, 6, 4, 10, 22, 12, 5, '22:15');

-- playerID: 34
INSERT INTO Skaters (playerID, goals, assists, points, shots, hits, plusMinus, TOI)
VALUES (34, 2, 5, 7, 14, 7, 3, '19:30');



